superfam,fam,subfam,supergen,gen,spe,plant_ord,plant_fam,plant_subfam,plant_tri,plant_gen,plant_spe
アゲハチョウ上科,アゲハチョウ科,アゲハチョウ亜科,キシタアゲハ族(ジャコウアゲハ族),ジャコウアゲハ属,ジャコウアゲハ,コショウ目,ウマノスズクサ科,,,ウマノスズクサ属,マルバウマノスズクサ
アゲハチョウ上科,アゲハチョウ科,アゲハチョウ亜科,キシタアゲハ族(ジャコウアゲハ族),ジャコウアゲハ属,ジャコウアゲハ,コショウ目,ウマノスズクサ科,,,ウマノスズクサ属,ウマノスズクサ
アゲハチョウ上科,アゲハチョウ科,アゲハチョウ亜科,キシタアゲハ族(ジャコウアゲハ族),ジャコウアゲハ属,ジャコウアゲハ,コショウ目,ウマノスズクサ科,,,ウマノスズクサ属,オオバウマノスズクサ
アゲハチョウ上科,アゲハチョウ科,アゲハチョウ亜科,キシタアゲハ族(ジャコウアゲハ族),ジャコウアゲハ属,ジャコウアゲハ,コショウ目,ウマノスズクサ科,,,ウマノスズクサ属,リュウキュウウマノスズクサ
アゲハチョウ上科,アゲハチョウ科,アゲハチョウ亜科,キシタアゲハ族(ジャコウアゲハ族),ジャコウアゲハ属,ジャコウアゲハ,コショウ目,ウマノスズクサ科,,,ウマノスズクサ属,ホソバウマノスズクサ
アゲハチョウ上科,アゲハチョウ科,アゲハチョウ亜科,キシタアゲハ族(ジャコウアゲハ族),ジャコウアゲハ属,ジャコウアゲハ,コショウ目,ウマノスズクサ科,,,ウマノスズクサ属,コウシュンウマノスズクサ
アゲハチョウ上科,アゲハチョウ科,アゲハチョウ亜科,アオスジアゲハ族,アオスジアゲハ属,コモンタイマイ,モクレン目,バンレイシ科,,,バンレイシ属,トゲバンレイシ
アゲハチョウ上科,アゲハチョウ科,アゲハチョウ亜科,アオスジアゲハ族,アオスジアゲハ属,コモンタイマイ,モクレン目,バンレイシ科,,,バンレイシ属,ギョウシンリ
アゲハチョウ上科,アゲハチョウ科,アゲハチョウ亜科,アオスジアゲハ族,アオスジアゲハ属,コモンタイマイ,モクレン目,バンレイシ科,,,バンレイシ属,バンレイシ
アゲハチョウ上科,アゲハチョウ科,アゲハチョウ亜科,アオスジアゲハ族,アオスジアゲハ属,コモンタイマイ,モクレン目,バンレイシ科,,,オウソウカ属,オウソウカ
アゲハチョウ上科,アゲハチョウ科,アゲハチョウ亜科,アオスジアゲハ族,アオスジアゲハ属,コモンタイマイ,アオイ目,アオイ科,ヘリクテレス亜科,,ドリアン属,ドリアン
アゲハチョウ上科,アゲハチョウ科,アゲハチョウ亜科,アオスジアゲハ族,アオスジアゲハ属,コモンタイマイ,モクレン目,バンレイシ科,,,ゴニオタラムス属,キダチオウソウカ
アゲハチョウ上科,アゲハチョウ科,アゲハチョウ亜科,アオスジアゲハ族,アオスジアゲハ属,コモンタイマイ,モクレン目,モクレン科,,,オガタマノキ属,トウオガタマ
アゲハチョウ上科,アゲハチョウ科,アゲハチョウ亜科,アオスジアゲハ族,アオスジアゲハ属,コモンタイマイ,モクレン目,モクレン科,,,モクレン属,タイサンボク
アゲハチョウ上科,アゲハチョウ科,アゲハチョウ亜科,アオスジアゲハ族,アオスジアゲハ属,コモンタイマイ,モクレン目,モクレン科,,,オガタマノキ属,ギンコウボク
アゲハチョウ上科,アゲハチョウ科,アゲハチョウ亜科,アオスジアゲハ族,アオスジアゲハ属,コモンタイマイ,モクレン目,モクレン科,,,オガタマノキ属,オガタマノキ
アゲハチョウ上科,アゲハチョウ科,アゲハチョウ亜科,アオスジアゲハ族,アオスジアゲハ属,コモンタイマイ,モクレン目,モクレン科,,,オガタマノキ属,タイワンオガタマ
アゲハチョウ上科,アゲハチョウ科,アゲハチョウ亜科,アオスジアゲハ族,アオスジアゲハ属,コモンタイマイ,コショウ目,コショウ科,,,コショウ属,キンマ
アゲハチョウ上科,アゲハチョウ科,アゲハチョウ亜科,アオスジアゲハ族,アオスジアゲハ属,タイワンタイマイ,クスノキ目,クスノキ科,,,クスノキ属(ニッケイ属),クスノキ
アゲハチョウ上科,アゲハチョウ科,アゲハチョウ亜科,アオスジアゲハ族,アオスジアゲハ属,ミカドアゲハ,モクレン目,バンレイシ科,,,バンレイシ属,イヌバンレイシ
アゲハチョウ上科,アゲハチョウ科,アゲハチョウ亜科,アオスジアゲハ族,アオスジアゲハ属,ミカドアゲハ,モクレン目,バンレイシ科,,,バンレイシ属,バンレイシ
アゲハチョウ上科,アゲハチョウ科,アゲハチョウ亜科,アオスジアゲハ族,アオスジアゲハ属,ミカドアゲハ,モクレン目,バンレイシ科,,,アシミナ属(ポポー属),ポポウ
アゲハチョウ上科,アゲハチョウ科,アゲハチョウ亜科,アオスジアゲハ族,アオスジアゲハ属,ミカドアゲハ,モクレン目,モクレン科,,,オガタマノキ属,トウオガタマ
アゲハチョウ上科,アゲハチョウ科,アゲハチョウ亜科,アオスジアゲハ族,アオスジアゲハ属,ミカドアゲハ,モクレン目,モクレン科,,,モクレン属,タイサンボク
アゲハチョウ上科,アゲハチョウ科,アゲハチョウ亜科,アオスジアゲハ族,アオスジアゲハ属,ミカドアゲハ,モクレン目,モクレン科,,,モクレン属,コブシ
アゲハチョウ上科,アゲハチョウ科,アゲハチョウ亜科,アオスジアゲハ族,アオスジアゲハ属,ミカドアゲハ,モクレン目,モクレン科,,,モクレン属,ホオノキ
アゲハチョウ上科,アゲハチョウ科,アゲハチョウ亜科,アオスジアゲハ族,アオスジアゲハ属,ミカドアゲハ,モクレン目,モクレン科,,,モクレン属,ヒメタイサンボク
アゲハチョウ上科,アゲハチョウ科,アゲハチョウ亜科,アオスジアゲハ族,アオスジアゲハ属,ミカドアゲハ,モクレン目,モクレン科,,,オガタマノキ属,キンコウボク
アゲハチョウ上科,アゲハチョウ科,アゲハチョウ亜科,アオスジアゲハ族,アオスジアゲハ属,ミカドアゲハ,モクレン目,モクレン科,,,オガタマノキ属,オガタマノキ
アゲハチョウ上科,アゲハチョウ科,アゲハチョウ亜科,アオスジアゲハ族,アオスジアゲハ属,ミカドアゲハ,モクレン目,モクレン科,,,オガタマノキ属,タイワンオガタマ
アゲハチョウ上科,アゲハチョウ科,アゲハチョウ亜科,アオスジアゲハ族,アオスジアゲハ属,アオスジアゲハ,クスノキ目,クスノキ科,,,カゴノキ属,バリバリノキ
アゲハチョウ上科,アゲハチョウ科,アゲハチョウ亜科,アオスジアゲハ族,アオスジアゲハ属,アオスジアゲハ,モクレン目,バンレイシ科,,,アシミナ属(ポポー属),ポポウ
アゲハチョウ上科,アゲハチョウ科,アゲハチョウ亜科,アオスジアゲハ族,アオスジアゲハ属,アオスジアゲハ,クスノキ目,クスノキ科,,,クスノキ属(ニッケイ属),マルバヤブニッケイ
アゲハチョウ上科,アゲハチョウ科,アゲハチョウ亜科,アオスジアゲハ族,アオスジアゲハ属,アオスジアゲハ,クスノキ目,クスノキ科,,,クスノキ属(ニッケイ属),クスノキ
アゲハチョウ上科,アゲハチョウ科,アゲハチョウ亜科,アオスジアゲハ族,アオスジアゲハ属,アオスジアゲハ,クスノキ目,クスノキ科,,,クスノキ属(ニッケイ属),コウチニッケイ
アゲハチョウ上科,アゲハチョウ科,アゲハチョウ亜科,アオスジアゲハ族,アオスジアゲハ属,アオスジアゲハ,クスノキ目,クスノキ科,,,クスノキ属(ニッケイ属),ニッケイ
アゲハチョウ上科,アゲハチョウ科,アゲハチョウ亜科,アオスジアゲハ族,アオスジアゲハ属,アオスジアゲハ,クスノキ目,クスノキ科,,,クスノキ属(ニッケイ属),ヤブニッケイ
アゲハチョウ上科,アゲハチョウ科,アゲハチョウ亜科,アオスジアゲハ族,アオスジアゲハ属,アオスジアゲハ,ムクロジ目,ミカン科,,,ミカン属,ミカン
アゲハチョウ上科,アゲハチョウ科,アゲハチョウ亜科,アオスジアゲハ族,アオスジアゲハ属,アオスジアゲハ,クスノキ目,クスノキ科,,,シナクスモドキ属,シナクスモドキ
アゲハチョウ上科,アゲハチョウ科,アゲハチョウ亜科,アオスジアゲハ族,アオスジアゲハ属,アオスジアゲハ,クスノキ目,クスノキ科,,,ゲッケイジュ属,ゲッケイジュ
アゲハチョウ上科,アゲハチョウ科,アゲハチョウ亜科,アオスジアゲハ族,アオスジアゲハ属,アオスジアゲハ,クスノキ目,クスノキ科,,,クロモジ属,アブラチャン
アゲハチョウ上科,アゲハチョウ科,アゲハチョウ亜科,アオスジアゲハ族,アオスジアゲハ属,アオスジアゲハ,クスノキ目,クスノキ科,,,クロモジ属,クロモジ
アゲハチョウ上科,アゲハチョウ科,アゲハチョウ亜科,アオスジアゲハ族,アオスジアゲハ属,アオスジアゲハ,クスノキ目,クスノキ科,,,ハマビワ属,ハマビワ
アゲハチョウ上科,アゲハチョウ科,アゲハチョウ亜科,アオスジアゲハ族,アオスジアゲハ属,アオスジアゲハ,クスノキ目,クスノキ科,,,タブノキ属,タブノキ
アゲハチョウ上科,アゲハチョウ科,アゲハチョウ亜科,アオスジアゲハ族,アオスジアゲハ属,アオスジアゲハ,モクレン目,モクレン科,,,モクレン属,タイサンボク
アゲハチョウ上科,アゲハチョウ科,アゲハチョウ亜科,アオスジアゲハ族,アオスジアゲハ属,アオスジアゲハ,モクレン目,モクレン科,,,モクレン属,コブシ
アゲハチョウ上科,アゲハチョウ科,アゲハチョウ亜科,アオスジアゲハ族,アオスジアゲハ属,アオスジアゲハ,ヤマモガシ目,アワブキ科,,,アワブキ属,ヤマビワ
アゲハチョウ上科,アゲハチョウ科,アゲハチョウ亜科,アオスジアゲハ族,アオスジアゲハ属,アオスジアゲハ,モクレン目,モクレン科,,,オガタマノキ属,オガタマノキ
アゲハチョウ上科,アゲハチョウ科,アゲハチョウ亜科,アオスジアゲハ族,アオスジアゲハ属,アオスジアゲハ,クスノキ目,クスノキ科,,,シロダモ属,イヌガシ
アゲハチョウ上科,アゲハチョウ科,アゲハチョウ亜科,アオスジアゲハ族,アオスジアゲハ属,アオスジアゲハ,クスノキ目,クスノキ科,,,シロダモ属,シロダモ
アゲハチョウ上科,アゲハチョウ科,アゲハチョウ亜科,アオスジアゲハ族,アオスジアゲハ属,アオスジアゲハ,バラ目,バラ科,ナシ亜科,,サクラ属,ヤマザクラ
アゲハチョウ上科,アゲハチョウ科,アゲハチョウ亜科,アオスジアゲハ族,アオスジアゲハ属,アオスジアゲハ,マメ目,マメ科,マメ亜科,インゲン連,クズ属,タイワンクズ
アゲハチョウ上科,アゲハチョウ科,アゲハチョウ亜科,アオスジアゲハ族,アオスジアゲハ属,モクセイアゲハ,クスノキ目,クスノキ科,,,タブノキ属,ホソバタブ
アゲハチョウ上科,アゲハチョウ科,アゲハチョウ亜科,アオスジアゲハ族,アオスジアゲハ属,モクセイアゲハ,クスノキ目,クスノキ科,,,タブノキ属,ニオイタブ
アゲハチョウ上科,アゲハチョウ科,ウスバアゲハ亜科,タイスアゲハ族,ギフチョウ属,ギフチョウ,コショウ目,ウマノスズクサ科,,,カンアオイ属,オクノカンアオイ
アゲハチョウ上科,アゲハチョウ科,ウスバアゲハ亜科,タイスアゲハ族,ギフチョウ属,ギフチョウ,コショウ目,ウマノスズクサ科,,,カンアオイ属,(カンアオイ属の不特定種)
アゲハチョウ上科,アゲハチョウ科,ウスバアゲハ亜科,タイスアゲハ族,ギフチョウ属,ギフチョウ,コショウ目,ウマノスズクサ科,,,カンアオイ属,タイリンアオイ
アゲハチョウ上科,アゲハチョウ科,ウスバアゲハ亜科,タイスアゲハ族,ギフチョウ属,ギフチョウ,コショウ目,ウマノスズクサ科,,,カンアオイ属,ミヤコアオイ
アゲハチョウ上科,アゲハチョウ科,ウスバアゲハ亜科,タイスアゲハ族,ギフチョウ属,ギフチョウ,コショウ目,ウマノスズクサ科,,,カンアオイ属,ランヨウアオイ
アゲハチョウ上科,アゲハチョウ科,ウスバアゲハ亜科,タイスアゲハ族,ギフチョウ属,ギフチョウ,コショウ目,ウマノスズクサ科,,,カンアオイ属,フタバアオイ
アゲハチョウ上科,アゲハチョウ科,ウスバアゲハ亜科,タイスアゲハ族,ギフチョウ属,ギフチョウ,コショウ目,ウマノスズクサ科,,,カンアオイ属,カギガタアオイ
アゲハチョウ上科,アゲハチョウ科,ウスバアゲハ亜科,タイスアゲハ族,ギフチョウ属,ギフチョウ,コショウ目,ウマノスズクサ科,,,カンアオイ属,クロフネサイシン
アゲハチョウ上科,アゲハチョウ科,ウスバアゲハ亜科,タイスアゲハ族,ギフチョウ属,ギフチョウ,コショウ目,ウマノスズクサ科,,,カンアオイ属,ミチノクサイシン
アゲハチョウ上科,アゲハチョウ科,ウスバアゲハ亜科,タイスアゲハ族,ギフチョウ属,ギフチョウ,コショウ目,ウマノスズクサ科,,,カンアオイ属,ミヤマアオイ
アゲハチョウ上科,アゲハチョウ科,ウスバアゲハ亜科,タイスアゲハ族,ギフチョウ属,ギフチョウ,コショウ目,ウマノスズクサ科,,,カンアオイ属,ソノウサイシン
アゲハチョウ上科,アゲハチョウ科,ウスバアゲハ亜科,タイスアゲハ族,ギフチョウ属,ギフチョウ,コショウ目,ウマノスズクサ科,,,カンアオイ属,オクエゾサイシン
アゲハチョウ上科,アゲハチョウ科,ウスバアゲハ亜科,タイスアゲハ族,ギフチョウ属,ギフチョウ,コショウ目,ウマノスズクサ科,,,カンアオイ属,キンチャクアオイ
アゲハチョウ上科,アゲハチョウ科,ウスバアゲハ亜科,タイスアゲハ族,ギフチョウ属,ギフチョウ,コショウ目,ウマノスズクサ科,,,カンアオイ属,サンヨウアオイ
アゲハチョウ上科,アゲハチョウ科,ウスバアゲハ亜科,タイスアゲハ族,ギフチョウ属,ギフチョウ,コショウ目,ウマノスズクサ科,,,カンアオイ属,ユキグニカンアオイ
アゲハチョウ上科,アゲハチョウ科,ウスバアゲハ亜科,タイスアゲハ族,ギフチョウ属,ギフチョウ,コショウ目,ウマノスズクサ科,,,カンアオイ属,アツミカンアオイ
アゲハチョウ上科,アゲハチョウ科,ウスバアゲハ亜科,タイスアゲハ族,ギフチョウ属,ギフチョウ,コショウ目,ウマノスズクサ科,,,カンアオイ属,イワタカンアオイ
アゲハチョウ上科,アゲハチョウ科,ウスバアゲハ亜科,タイスアゲハ族,ギフチョウ属,ギフチョウ,コショウ目,ウマノスズクサ科,,,カンアオイ属,コシノカンアオイ
アゲハチョウ上科,アゲハチョウ科,ウスバアゲハ亜科,タイスアゲハ族,ギフチョウ属,ギフチョウ,コショウ目,ウマノスズクサ科,,,カンアオイ属,アマギカンアオイ
アゲハチョウ上科,アゲハチョウ科,ウスバアゲハ亜科,タイスアゲハ族,ギフチョウ属,ギフチョウ,コショウ目,ウマノスズクサ科,,,カンアオイ属,ナンカイカンアオイ
アゲハチョウ上科,アゲハチョウ科,ウスバアゲハ亜科,タイスアゲハ族,ギフチョウ属,ギフチョウ,コショウ目,ウマノスズクサ科,,,カンアオイ属,エチゼンカンアオイ
アゲハチョウ上科,アゲハチョウ科,ウスバアゲハ亜科,タイスアゲハ族,ギフチョウ属,ギフチョウ,コショウ目,ウマノスズクサ科,,,カンアオイ属,ハルザキエチゼンカンアオイ
アゲハチョウ上科,アゲハチョウ科,ウスバアゲハ亜科,タイスアゲハ族,ギフチョウ属,ギフチョウ,コショウ目,ウマノスズクサ科,,,カンアオイ属,カンアオイ
アゲハチョウ上科,アゲハチョウ科,ウスバアゲハ亜科,タイスアゲハ族,ギフチョウ属,ギフチョウ,コショウ目,ウマノスズクサ科,,,カンアオイ属,サンインカンアオイ
アゲハチョウ上科,アゲハチョウ科,ウスバアゲハ亜科,タイスアゲハ族,ギフチョウ属,ギフチョウ,コショウ目,ウマノスズクサ科,,,カンアオイ属,ナタデラカンアオイ
アゲハチョウ上科,アゲハチョウ科,ウスバアゲハ亜科,タイスアゲハ族,ギフチョウ属,ギフチョウ,コショウ目,ウマノスズクサ科,,,カンアオイ属,スズカカンアオイ
アゲハチョウ上科,アゲハチョウ科,ウスバアゲハ亜科,タイスアゲハ族,ギフチョウ属,ギフチョウ,コショウ目,ウマノスズクサ科,,,カンアオイ属,オトメカンアオイ
アゲハチョウ上科,アゲハチョウ科,ウスバアゲハ亜科,タイスアゲハ族,ギフチョウ属,ギフチョウ,コショウ目,ウマノスズクサ科,,,カンアオイ属,ウスバサイシン
アゲハチョウ上科,アゲハチョウ科,ウスバアゲハ亜科,タイスアゲハ族,ギフチョウ属,ギフチョウ,コショウ目,ウマノスズクサ科,,,カンアオイ属,ヒメカンアオイ
アゲハチョウ上科,アゲハチョウ科,ウスバアゲハ亜科,タイスアゲハ族,ギフチョウ属,ギフチョウ,コショウ目,ウマノスズクサ科,,,カンアオイ属,イズミカンアオイ
アゲハチョウ上科,アゲハチョウ科,ウスバアゲハ亜科,タイスアゲハ族,ギフチョウ属,ギフチョウ,コショウ目,ウマノスズクサ科,,,カンアオイ属,キンキカンアオイ
アゲハチョウ上科,アゲハチョウ科,ウスバアゲハ亜科,タイスアゲハ族,ギフチョウ属,ギフチョウ,コショウ目,ウマノスズクサ科,,,カンアオイ属,タマノカンアオイ
アゲハチョウ上科,アゲハチョウ科,ウスバアゲハ亜科,タイスアゲハ族,ギフチョウ属,ギフチョウ,コショウ目,ウマノスズクサ科,,,カンアオイ属,クロヒメカンアオイ
アゲハチョウ上科,アゲハチョウ科,ウスバアゲハ亜科,タイスアゲハ族,ギフチョウ属,ヒメギフチョウ,コショウ目,ウマノスズクサ科,,,カンアオイ属,(カンアオイ属の不特定種)
アゲハチョウ上科,アゲハチョウ科,ウスバアゲハ亜科,タイスアゲハ族,ギフチョウ属,ヒメギフチョウ,コショウ目,ウマノスズクサ科,,,カンアオイ属,ランヨウアオイ
アゲハチョウ上科,アゲハチョウ科,ウスバアゲハ亜科,タイスアゲハ族,ギフチョウ属,ヒメギフチョウ,コショウ目,ウマノスズクサ科,,,カンアオイ属,フタバアオイ
アゲハチョウ上科,アゲハチョウ科,ウスバアゲハ亜科,タイスアゲハ族,ギフチョウ属,ヒメギフチョウ,コショウ目,ウマノスズクサ科,,,カンアオイ属,ミチノクサイシン
アゲハチョウ上科,アゲハチョウ科,ウスバアゲハ亜科,タイスアゲハ族,ギフチョウ属,ヒメギフチョウ,コショウ目,ウマノスズクサ科,,,カンアオイ属,ミヤマアオイ
アゲハチョウ上科,アゲハチョウ科,ウスバアゲハ亜科,タイスアゲハ族,ギフチョウ属,ヒメギフチョウ,コショウ目,ウマノスズクサ科,,,カンアオイ属,オクエゾサイシン
アゲハチョウ上科,アゲハチョウ科,ウスバアゲハ亜科,タイスアゲハ族,ギフチョウ属,ヒメギフチョウ,コショウ目,ウマノスズクサ科,,,カンアオイ属,コシノカンアオイ
アゲハチョウ上科,アゲハチョウ科,ウスバアゲハ亜科,タイスアゲハ族,ギフチョウ属,ヒメギフチョウ,コショウ目,ウマノスズクサ科,,,カンアオイ属,カンアオイ
アゲハチョウ上科,アゲハチョウ科,ウスバアゲハ亜科,タイスアゲハ族,ギフチョウ属,ヒメギフチョウ,コショウ目,ウマノスズクサ科,,,カンアオイ属,ウスバサイシン
アゲハチョウ上科,アゲハチョウ科,ウスバアゲハ亜科,タイスアゲハ族,ギフチョウ属,ヒメギフチョウ,コショウ目,ウマノスズクサ科,,,カンアオイ属,ヒメカンアオイ
アゲハチョウ上科,アゲハチョウ科,ウスバアゲハ亜科,タイスアゲハ族,ギフチョウ属,ヒメギフチョウ,コショウ目,ウマノスズクサ科,,,カンアオイ属,タマノカンアオイ
アゲハチョウ上科,アゲハチョウ科,アゲハチョウ亜科,キシタアゲハ族(ジャコウアゲハ族),ベニモンアゲハ属,ベニモンアゲハ,コショウ目,ウマノスズクサ科,,,ウマノスズクサ属,ウマノスズクサ
アゲハチョウ上科,アゲハチョウ科,アゲハチョウ亜科,キシタアゲハ族(ジャコウアゲハ族),ベニモンアゲハ属,ベニモンアゲハ,コショウ目,ウマノスズクサ科,,,ウマノスズクサ属,リュウキュウウマノスズクサ
アゲハチョウ上科,アゲハチョウ科,アゲハチョウ亜科,キシタアゲハ族(ジャコウアゲハ族),ベニモンアゲハ属,ベニモンアゲハ,コショウ目,ウマノスズクサ科,,,ウマノスズクサ属,コウシュンウマノスズクサ
アゲハチョウ上科,アゲハチョウ科,アゲハチョウ亜科,アゲハチョウ族,アゲハチョウ属,アパラチアオオトラフアゲハ,バラ目,バラ科,ナシ亜科,,サクラ属,アメリカクロミザクラ
アゲハチョウ上科,アゲハチョウ科,アゲハチョウ亜科,アゲハチョウ族,アゲハチョウ属,カラスアゲハ(八重山・台湾),コショウ目,ウマノスズクサ科,,,カンアオイ属,ウスバサイシン
アゲハチョウ上科,アゲハチョウ科,アゲハチョウ亜科,アゲハチョウ族,アゲハチョウ属,カラスアゲハ(八重山・台湾),クスノキ目,クスノキ科,,,クスノキ属(ニッケイ属),クスノキ
アゲハチョウ上科,アゲハチョウ科,アゲハチョウ亜科,アゲハチョウ族,アゲハチョウ属,カラスアゲハ(八重山・台湾),ムクロジ目,ミカン科,,,ミカン属,ヒラミレモン
アゲハチョウ上科,アゲハチョウ科,アゲハチョウ亜科,アゲハチョウ族,アゲハチョウ属,カラスアゲハ(八重山・台湾),ムクロジ目,ミカン科,,,ミカン属,ユズ
アゲハチョウ上科,アゲハチョウ科,アゲハチョウ亜科,アゲハチョウ族,アゲハチョウ属,カラスアゲハ(八重山・台湾),ムクロジ目,ミカン科,,,ミカン属,ミカン
アゲハチョウ上科,アゲハチョウ科,アゲハチョウ亜科,アゲハチョウ族,アゲハチョウ属,カラスアゲハ(八重山・台湾),ムクロジ目,ミカン科,,,ミカン属,カラタチ
アゲハチョウ上科,アゲハチョウ科,アゲハチョウ亜科,アゲハチョウ族,アゲハチョウ属,カラスアゲハ(八重山・台湾),ムクロジ目,ミカン科,,,コクサギ属,コクサギ
アゲハチョウ上科,アゲハチョウ科,アゲハチョウ亜科,アゲハチョウ族,アゲハチョウ属,カラスアゲハ(八重山・台湾),ムクロジ目,ミカン科,,,キハダ属,キハダ
アゲハチョウ上科,アゲハチョウ科,アゲハチョウ亜科,アゲハチョウ族,アゲハチョウ属,カラスアゲハ(八重山・台湾),ムクロジ目,ミカン科,,,ヘンルーダ属,ヘンルーダ
アゲハチョウ上科,アゲハチョウ科,アゲハチョウ亜科,アゲハチョウ族,アゲハチョウ属,カラスアゲハ(八重山・台湾),ムクロジ目,ミカン科,,,ミヤマシキミ属,ミヤマシキミ
アゲハチョウ上科,アゲハチョウ科,アゲハチョウ亜科,アゲハチョウ族,アゲハチョウ属,カラスアゲハ(八重山・台湾),ムクロジ目,ミカン科,,,ミヤマシキミ属,ツルシキミ
アゲハチョウ上科,アゲハチョウ科,アゲハチョウ亜科,アゲハチョウ族,アゲハチョウ属,カラスアゲハ(八重山・台湾),ムクロジ目,ミカン科,,,ゴシュユ属,ハマセンダン
アゲハチョウ上科,アゲハチョウ科,アゲハチョウ亜科,アゲハチョウ族,アゲハチョウ属,カラスアゲハ(八重山・台湾),ムクロジ目,ミカン科,,,サンショウ属,カラスザンショウ
アゲハチョウ上科,アゲハチョウ科,アゲハチョウ亜科,アゲハチョウ族,アゲハチョウ属,カラスアゲハ(八重山・台湾),ムクロジ目,ミカン科,,,サンショウ属,サンショウ
アゲハチョウ上科,アゲハチョウ科,アゲハチョウ亜科,アゲハチョウ族,アゲハチョウ属,カラスアゲハ(八重山・台湾),ムクロジ目,ミカン科,,,サンショウ属,イヌザンショウ
アゲハチョウ上科,アゲハチョウ科,アゲハチョウ亜科,アゲハチョウ族,アゲハチョウ属,カナダトラフアゲハ,ブナ目,カバノキ科,,,カバノキ属,(カバノキ属の不特定種)
アゲハチョウ上科,アゲハチョウ科,アゲハチョウ亜科,アゲハチョウ族,アゲハチョウ属,カナダトラフアゲハ,バラ目,バラ科,ナシ亜科,ナシ連,リンゴ属,(リンゴ属の不特定種)
アゲハチョウ上科,アゲハチョウ科,アゲハチョウ亜科,アゲハチョウ族,アゲハチョウ属,カナダトラフアゲハ,キントラノオ目,ヤナギ科,,,ヤマナラシ属,(ヤマナラシ属(ハコヤナギ属)の不特定種)
アゲハチョウ上科,アゲハチョウ科,アゲハチョウ亜科,アゲハチョウ族,アゲハチョウ属,カナダトラフアゲハ,キントラノオ目,ヤナギ科,,,ヤマナラシ属,(ヤマナラシ属(ハコヤナギ属)Aigeiros節の不特定種)
アゲハチョウ上科,アゲハチョウ科,アゲハチョウ亜科,アゲハチョウ族,アゲハチョウ属,カナダトラフアゲハ,キントラノオ目,ヤナギ科,,,ヤマナラシ属,ヤマナラシ
アゲハチョウ上科,アゲハチョウ科,アゲハチョウ亜科,アゲハチョウ族,アゲハチョウ属,カナダトラフアゲハ,バラ目,バラ科,ナシ亜科,,サクラ属,アメリカクロミザクラ
アゲハチョウ上科,アゲハチョウ科,アゲハチョウ亜科,アゲハチョウ族,アゲハチョウ属,オナシモンキアゲハ,ムクロジ目,ミカン科,,,ハナシンボウギ属,ハナシンボウギ
アゲハチョウ上科,アゲハチョウ科,アゲハチョウ亜科,アゲハチョウ族,アゲハチョウ属,オナシモンキアゲハ,モクレン目,モクレン科,,,オガタマノキ属,タイワンオガタマ
アゲハチョウ上科,アゲハチョウ科,アゲハチョウ亜科,アゲハチョウ族,アゲハチョウ属,オナシモンキアゲハ,ムクロジ目,ミカン科,,,ゲッキツ属,ゲッキツ
アゲハチョウ上科,アゲハチョウ科,アゲハチョウ亜科,アゲハチョウ族,アゲハチョウ属,オナシモンキアゲハ,ムクロジ目,ミカン科,,,サルカケミカン属,サルカケミカン
アゲハチョウ上科,アゲハチョウ科,アゲハチョウ亜科,アゲハチョウ族,アゲハチョウ属,オスジロアゲハ,ムクロジ目,ミカン科,,,Calodendrum属,(Calodendrum属の不特定種)
アゲハチョウ上科,アゲハチョウ科,アゲハチョウ亜科,アゲハチョウ族,アゲハチョウ属,オスジロアゲハ,ムクロジ目,ミカン科,,,ミカン属,(ミカン属の不特定種)
アゲハチョウ上科,アゲハチョウ科,アゲハチョウ亜科,アゲハチョウ族,アゲハチョウ属,オスジロアゲハ,ムクロジ目,ミカン科,,,ワンピ属,(ワンピ属の不特定種)
アゲハチョウ上科,アゲハチョウ科,アゲハチョウ亜科,アゲハチョウ族,アゲハチョウ属,オスジロアゲハ,ムクロジ目,ミカン科,,,Teclea属,(Teclea属の不特定種)
アゲハチョウ上科,アゲハチョウ科,アゲハチョウ亜科,アゲハチョウ族,アゲハチョウ属,オスジロアゲハ,ムクロジ目,ミカン科,,,サルカケミカン属,(サルカケミカン属の不特定種)
アゲハチョウ上科,アゲハチョウ科,アゲハチョウ亜科,アゲハチョウ族,アゲハチョウ属,オスジロアゲハ,ムクロジ目,ミカン科,,,Vepris属,(Vepris属の不特定種)
アゲハチョウ上科,アゲハチョウ科,アゲハチョウ亜科,アゲハチョウ族,アゲハチョウ属,オスジロアゲハ,ムクロジ目,ミカン科,,,サンショウ属,(サンショウ属の不特定種)
アゲハチョウ上科,アゲハチョウ科,アゲハチョウ亜科,アゲハチョウ族,アゲハチョウ属,オスジロアゲハ,ムクロジ目,ミカン科,,,ミカン属,ダイダイ
アゲハチョウ上科,アゲハチョウ科,アゲハチョウ亜科,アゲハチョウ族,アゲハチョウ属,オスジロアゲハ,ムクロジ目,ミカン科,,,ワンピ属,(ワンピ属の一種(Clausena anisata))
アゲハチョウ上科,アゲハチョウ科,アゲハチョウ亜科,アゲハチョウ族,アゲハチョウ属,オスジロアゲハ,ムクロジ目,ミカン科,,,Teclea属,(Teclea属の一種(Teclea natalensis))
アゲハチョウ上科,アゲハチョウ科,アゲハチョウ亜科,アゲハチョウ族,アゲハチョウ属,オスジロアゲハ,ムクロジ目,ミカン科,,,Teclea属,(Teclea属の一種(Teclea nobilis))
アゲハチョウ上科,アゲハチョウ科,アゲハチョウ亜科,アゲハチョウ族,アゲハチョウ属,オスジロアゲハ,ムクロジ目,ミカン科,,,Teclea属,(Teclea属の一種(Teclea simplicifolia))
アゲハチョウ上科,アゲハチョウ科,アゲハチョウ亜科,アゲハチョウ族,アゲハチョウ属,オスジロアゲハ,ムクロジ目,ミカン科,,,Teclea属,(Teclea属の一種(Teclea swynnertonii))
アゲハチョウ上科,アゲハチョウ科,アゲハチョウ亜科,アゲハチョウ族,アゲハチョウ属,オスジロアゲハ,ムクロジ目,ミカン科,,,Teclea属,(Teclea属の一種(Teclea villosa))
アゲハチョウ上科,アゲハチョウ科,アゲハチョウ亜科,アゲハチョウ族,アゲハチョウ属,カラスアゲハ,コショウ目,ウマノスズクサ科,,,カンアオイ属,ウスバサイシン
アゲハチョウ上科,アゲハチョウ科,アゲハチョウ亜科,アゲハチョウ族,アゲハチョウ属,カラスアゲハ,クスノキ目,クスノキ科,,,クスノキ属(ニッケイ属),クスノキ
アゲハチョウ上科,アゲハチョウ科,アゲハチョウ亜科,アゲハチョウ族,アゲハチョウ属,カラスアゲハ,ムクロジ目,ミカン科,,,ミカン属,ヒラミレモン
アゲハチョウ上科,アゲハチョウ科,アゲハチョウ亜科,アゲハチョウ族,アゲハチョウ属,カラスアゲハ,ムクロジ目,ミカン科,,,ミカン属,ユズ
アゲハチョウ上科,アゲハチョウ科,アゲハチョウ亜科,アゲハチョウ族,アゲハチョウ属,カラスアゲハ,ムクロジ目,ミカン科,,,ミカン属,ミカン
アゲハチョウ上科,アゲハチョウ科,アゲハチョウ亜科,アゲハチョウ族,アゲハチョウ属,カラスアゲハ,ムクロジ目,ミカン科,,,ミカン属,カラタチ
アゲハチョウ上科,アゲハチョウ科,アゲハチョウ亜科,アゲハチョウ族,アゲハチョウ属,カラスアゲハ,ムクロジ目,ミカン科,,,コクサギ属,コクサギ
アゲハチョウ上科,アゲハチョウ科,アゲハチョウ亜科,アゲハチョウ族,アゲハチョウ属,カラスアゲハ,ムクロジ目,ミカン科,,,キハダ属,キハダ
アゲハチョウ上科,アゲハチョウ科,アゲハチョウ亜科,アゲハチョウ族,アゲハチョウ属,カラスアゲハ,ムクロジ目,ミカン科,,,ヘンルーダ属,ヘンルーダ
アゲハチョウ上科,アゲハチョウ科,アゲハチョウ亜科,アゲハチョウ族,アゲハチョウ属,カラスアゲハ,ムクロジ目,ミカン科,,,ミヤマシキミ属,ミヤマシキミ
アゲハチョウ上科,アゲハチョウ科,アゲハチョウ亜科,アゲハチョウ族,アゲハチョウ属,カラスアゲハ,ムクロジ目,ミカン科,,,ミヤマシキミ属,ツルシキミ
アゲハチョウ上科,アゲハチョウ科,アゲハチョウ亜科,アゲハチョウ族,アゲハチョウ属,カラスアゲハ,ムクロジ目,ミカン科,,,ゴシュユ属,ハマセンダン
アゲハチョウ上科,アゲハチョウ科,アゲハチョウ亜科,アゲハチョウ族,アゲハチョウ属,カラスアゲハ,ムクロジ目,ミカン科,,,サンショウ属,カラスザンショウ
アゲハチョウ上科,アゲハチョウ科,アゲハチョウ亜科,アゲハチョウ族,アゲハチョウ属,カラスアゲハ,ムクロジ目,ミカン科,,,サンショウ属,サンショウ
アゲハチョウ上科,アゲハチョウ科,アゲハチョウ亜科,アゲハチョウ族,アゲハチョウ属,カラスアゲハ,ムクロジ目,ミカン科,,,サンショウ属,イヌザンショウ
アゲハチョウ上科,アゲハチョウ科,アゲハチョウ亜科,アゲハチョウ族,アゲハチョウ属,オナシアゲハ,ムクロジ目,ミカン科,,,ミカン属,ミカン
アゲハチョウ上科,アゲハチョウ科,アゲハチョウ亜科,アゲハチョウ族,アゲハチョウ属,オナシアゲハ,ムクロジ目,ミカン科,,,ミカン属,レモン
アゲハチョウ上科,アゲハチョウ科,アゲハチョウ亜科,アゲハチョウ族,アゲハチョウ属,オナシアゲハ,ムクロジ目,ミカン科,,,ミカン属,ザボン
アゲハチョウ上科,アゲハチョウ科,アゲハチョウ亜科,アゲハチョウ族,アゲハチョウ属,オナシアゲハ,ムクロジ目,ミカン科,,,ミカン属,ナツミカン
アゲハチョウ上科,アゲハチョウ科,アゲハチョウ亜科,アゲハチョウ族,アゲハチョウ属,オナシアゲハ,ムクロジ目,ミカン科,,,ミカン属,カラマンシー
アゲハチョウ上科,アゲハチョウ科,アゲハチョウ亜科,アゲハチョウ族,アゲハチョウ属,オナシアゲハ,ムクロジ目,ミカン科,,,ワンピ属,ヒメワンピ
アゲハチョウ上科,アゲハチョウ科,アゲハチョウ亜科,アゲハチョウ族,アゲハチョウ属,オナシアゲハ,ムクロジ目,ミカン科,,,サンショウ属,テリハザンショウ
アゲハチョウ上科,アゲハチョウ科,アゲハチョウ亜科,アゲハチョウ族,アゲハチョウ属,モンキアゲハ,ムクロジ目,ミカン科,,,ミカン属,ダイダイ
アゲハチョウ上科,アゲハチョウ科,アゲハチョウ亜科,アゲハチョウ族,アゲハチョウ属,モンキアゲハ,ムクロジ目,ミカン科,,,ミカン属,ヒラミレモン
アゲハチョウ上科,アゲハチョウ科,アゲハチョウ亜科,アゲハチョウ族,アゲハチョウ属,モンキアゲハ,ムクロジ目,ミカン科,,,ミカン属,ハッサク
アゲハチョウ上科,アゲハチョウ科,アゲハチョウ亜科,アゲハチョウ族,アゲハチョウ属,モンキアゲハ,ムクロジ目,ミカン科,,,ミカン属,キンカン
アゲハチョウ上科,アゲハチョウ科,アゲハチョウ亜科,アゲハチョウ族,アゲハチョウ属,モンキアゲハ,ムクロジ目,ミカン科,,,ミカン属,ユズ
アゲハチョウ上科,アゲハチョウ科,アゲハチョウ亜科,アゲハチョウ族,アゲハチョウ属,モンキアゲハ,ムクロジ目,ミカン科,,,ミカン属,ザボン
アゲハチョウ上科,アゲハチョウ科,アゲハチョウ亜科,アゲハチョウ族,アゲハチョウ属,モンキアゲハ,ムクロジ目,ミカン科,,,ミカン属,ナツミカン
アゲハチョウ上科,アゲハチョウ科,アゲハチョウ亜科,アゲハチョウ族,アゲハチョウ属,モンキアゲハ,ムクロジ目,ミカン科,,,ミカン属,マンダリンオレンジ
アゲハチョウ上科,アゲハチョウ科,アゲハチョウ亜科,アゲハチョウ族,アゲハチョウ属,モンキアゲハ,ムクロジ目,ミカン科,,,ミカン属,タチバナ
アゲハチョウ上科,アゲハチョウ科,アゲハチョウ亜科,アゲハチョウ族,アゲハチョウ属,モンキアゲハ,ムクロジ目,ミカン科,,,ミカン属,ポンカン
アゲハチョウ上科,アゲハチョウ科,アゲハチョウ亜科,アゲハチョウ族,アゲハチョウ属,モンキアゲハ,ムクロジ目,ミカン科,,,ミカン属,カラタチ
アゲハチョウ上科,アゲハチョウ科,アゲハチョウ亜科,アゲハチョウ族,アゲハチョウ属,モンキアゲハ,ムクロジ目,ミカン科,,,ミカン属,ウンシュウミカン
アゲハチョウ上科,アゲハチョウ科,アゲハチョウ亜科,アゲハチョウ族,アゲハチョウ属,モンキアゲハ,ムクロジ目,ミカン科,,,コクサギ属,コクサギ
アゲハチョウ上科,アゲハチョウ科,アゲハチョウ亜科,アゲハチョウ族,アゲハチョウ属,モンキアゲハ,ムクロジ目,ミカン科,,,キハダ属,キハダ
アゲハチョウ上科,アゲハチョウ科,アゲハチョウ亜科,アゲハチョウ族,アゲハチョウ属,モンキアゲハ,キントラノオ目,ヤナギ科,,ヤナギ連,ヤナギ属,コリヤナギ
アゲハチョウ上科,アゲハチョウ科,アゲハチョウ亜科,アゲハチョウ族,アゲハチョウ属,モンキアゲハ,ムクロジ目,ミカン科,,,ゴシュユ属,ハマセンダン
アゲハチョウ上科,アゲハチョウ科,アゲハチョウ亜科,アゲハチョウ族,アゲハチョウ属,モンキアゲハ,ムクロジ目,ミカン科,,,サルカケミカン属,サルカケミカン
アゲハチョウ上科,アゲハチョウ科,アゲハチョウ亜科,アゲハチョウ族,アゲハチョウ属,モンキアゲハ,ムクロジ目,ミカン科,,,サンショウ属,カラスザンショウ
アゲハチョウ上科,アゲハチョウ科,アゲハチョウ亜科,アゲハチョウ族,アゲハチョウ属,モンキアゲハ,ムクロジ目,ミカン科,,,サンショウ属,フユザンショウ
アゲハチョウ上科,アゲハチョウ科,アゲハチョウ亜科,アゲハチョウ族,アゲハチョウ属,モンキアゲハ,ムクロジ目,ミカン科,,,サンショウ属,コカラスザンショウ
アゲハチョウ上科,アゲハチョウ科,アゲハチョウ亜科,アゲハチョウ族,アゲハチョウ属,モンキアゲハ,ムクロジ目,ミカン科,,,サンショウ属,テリハザンショウ
アゲハチョウ上科,アゲハチョウ科,アゲハチョウ亜科,アゲハチョウ族,アゲハチョウ属,モンキアゲハ,ムクロジ目,ミカン科,,,サンショウ属,サンショウ
アゲハチョウ上科,アゲハチョウ科,アゲハチョウ亜科,アゲハチョウ族,アゲハチョウ属,ミヤマカラスアゲハ,コショウ目,ウマノスズクサ科,,,カンアオイ属,オクエゾサイシン
アゲハチョウ上科,アゲハチョウ科,アゲハチョウ亜科,アゲハチョウ族,アゲハチョウ属,ミヤマカラスアゲハ,ムクロジ目,ミカン科,,,ミカン属,カラタチ
アゲハチョウ上科,アゲハチョウ科,アゲハチョウ亜科,アゲハチョウ族,アゲハチョウ属,ミヤマカラスアゲハ,ムクロジ目,ミカン科,,,コクサギ属,コクサギ
アゲハチョウ上科,アゲハチョウ科,アゲハチョウ亜科,アゲハチョウ族,アゲハチョウ属,ミヤマカラスアゲハ,ムクロジ目,ミカン科,,,キハダ属,キハダ
アゲハチョウ上科,アゲハチョウ科,アゲハチョウ亜科,アゲハチョウ族,アゲハチョウ属,ミヤマカラスアゲハ,ムクロジ目,ミカン科,,,キハダ属,ヒロハノキハダ
アゲハチョウ上科,アゲハチョウ科,アゲハチョウ亜科,アゲハチョウ族,アゲハチョウ属,ミヤマカラスアゲハ,ムクロジ目,ミカン科,,,ミヤマシキミ属,ツルシキミ
アゲハチョウ上科,アゲハチョウ科,アゲハチョウ亜科,アゲハチョウ族,アゲハチョウ属,ミヤマカラスアゲハ,ムクロジ目,ミカン科,,,ゴシュユ属,ハマセンダン
アゲハチョウ上科,アゲハチョウ科,アゲハチョウ亜科,アゲハチョウ族,アゲハチョウ属,ミヤマカラスアゲハ,ムクロジ目,ミカン科,,,サンショウ属,カラスザンショウ
アゲハチョウ上科,アゲハチョウ科,アゲハチョウ亜科,アゲハチョウ族,アゲハチョウ属,ミヤマカラスアゲハ,ムクロジ目,ミカン科,,,サンショウ属,サンショウ
アゲハチョウ上科,アゲハチョウ科,アゲハチョウ亜科,アゲハチョウ族,アゲハチョウ属,ミヤマカラスアゲハ,ムクロジ目,ミカン科,,,サンショウ属,イヌザンショウ
アゲハチョウ上科,アゲハチョウ科,アゲハチョウ亜科,アゲハチョウ族,アゲハチョウ属,キアゲハ(日本亜種),ムクロジ目,ミカン科,,,ミカン属,(ミカン属の不特定種)
アゲハチョウ上科,アゲハチョウ科,アゲハチョウ亜科,アゲハチョウ族,アゲハチョウ属,キアゲハ(日本亜種),セリ目,セリ科,セリ亜科,Sinodielsia連,ミヤマセンキュウ属,(ミヤマセンキュウ属の不特定種)
アゲハチョウ上科,アゲハチョウ科,アゲハチョウ亜科,アゲハチョウ族,アゲハチョウ属,キアゲハ(日本亜種),セリ目,セリ科,セリ亜科,Scandiceae連,ニンジン属,(ニンジン属の不特定種)
アゲハチョウ上科,アゲハチョウ科,アゲハチョウ亜科,アゲハチョウ族,アゲハチョウ属,キアゲハ(日本亜種),ムクロジ目,ミカン科,,,ハクセン属,(ハクセン属の不特定種)
アゲハチョウ上科,アゲハチョウ科,アゲハチョウ亜科,アゲハチョウ族,アゲハチョウ属,キアゲハ(日本亜種),セリ目,セリ科,セリ亜科,Tordylieae連,アメリカボウフウ属,(アメリカボウフウ属の不特定種)
アゲハチョウ上科,アゲハチョウ科,アゲハチョウ亜科,アゲハチョウ族,アゲハチョウ属,キアゲハ(日本亜種),ムクロジ目,ミカン科,,,ヘンルーダ属,(ヘンルーダ属の不特定種)
アゲハチョウ上科,アゲハチョウ科,アゲハチョウ亜科,アゲハチョウ族,アゲハチョウ属,キアゲハ(日本亜種),ムクロジ目,ミカン科,,,Thamnosma属,(Thamnosma属の不特定種)
アゲハチョウ上科,アゲハチョウ科,アゲハチョウ亜科,アゲハチョウ族,アゲハチョウ属,キアゲハ(日本亜種),セリ目,セリ科,セリ亜科,Careae連,エゾボウフウ属,イワミツバ
アゲハチョウ上科,アゲハチョウ科,アゲハチョウ亜科,アゲハチョウ族,アゲハチョウ属,キアゲハ(日本亜種),セリ目,セリ科,セリ亜科,Apieae連,ドクゼリモドキ属,ドクゼリモドキ
アゲハチョウ上科,アゲハチョウ科,アゲハチョウ亜科,アゲハチョウ族,アゲハチョウ属,キアゲハ(日本亜種),セリ目,セリ科,セリ亜科,Apieae連,ドクゼリモドキ属,アンミ
アゲハチョウ上科,アゲハチョウ科,アゲハチョウ亜科,アゲハチョウ族,アゲハチョウ属,キアゲハ(日本亜種),セリ目,セリ科,セリ亜科,Selineae連,シシウド属,ニホントウキ
アゲハチョウ上科,アゲハチョウ科,アゲハチョウ亜科,アゲハチョウ族,アゲハチョウ属,キアゲハ(日本亜種),セリ目,セリ科,セリ亜科,Selineae連,シシウド属,イワテトウキ
アゲハチョウ上科,アゲハチョウ科,アゲハチョウ亜科,アゲハチョウ族,アゲハチョウ属,キアゲハ(日本亜種),セリ目,セリ科,セリ亜科,Selineae連,シシウド属,エゾノヨロイグサ
アゲハチョウ上科,アゲハチョウ科,アゲハチョウ亜科,アゲハチョウ族,アゲハチョウ属,キアゲハ(日本亜種),セリ目,セリ科,セリ亜科,Selineae連,シシウド属,ヨロイグサ
アゲハチョウ上科,アゲハチョウ科,アゲハチョウ亜科,アゲハチョウ族,アゲハチョウ属,キアゲハ(日本亜種),セリ目,セリ科,セリ亜科,Selineae連,シシウド属,ノダケ
アゲハチョウ上科,アゲハチョウ科,アゲハチョウ亜科,アゲハチョウ族,アゲハチョウ属,キアゲハ(日本亜種),セリ目,セリ科,セリ亜科,Selineae連,シシウド属,シロバナノダケ
アゲハチョウ上科,アゲハチョウ科,アゲハチョウ亜科,アゲハチョウ族,アゲハチョウ属,キアゲハ(日本亜種),セリ目,セリ科,セリ亜科,Selineae連,シシウド属,アマニュウ
アゲハチョウ上科,アゲハチョウ科,アゲハチョウ亜科,アゲハチョウ族,アゲハチョウ属,キアゲハ(日本亜種),セリ目,セリ科,セリ亜科,Selineae連,シシウド属,オオバセンキュウ
アゲハチョウ上科,アゲハチョウ科,アゲハチョウ亜科,アゲハチョウ族,アゲハチョウ属,キアゲハ(日本亜種),セリ目,セリ科,セリ亜科,Selineae連,シシウド属,(シシウド属の一種(Angelica gmelinii))
アゲハチョウ上科,アゲハチョウ科,アゲハチョウ亜科,アゲハチョウ族,アゲハチョウ属,キアゲハ(日本亜種),セリ目,セリ科,セリ亜科,Selineae連,シシウド属,イワニンジン
アゲハチョウ上科,アゲハチョウ科,アゲハチョウ亜科,アゲハチョウ族,アゲハチョウ属,キアゲハ(日本亜種),セリ目,セリ科,セリ亜科,Selineae連,シシウド属,ハマウド
アゲハチョウ上科,アゲハチョウ科,アゲハチョウ亜科,アゲハチョウ族,アゲハチョウ属,キアゲハ(日本亜種),セリ目,セリ科,セリ亜科,Selineae連,シシウド属,アシタバ
アゲハチョウ上科,アゲハチョウ科,アゲハチョウ亜科,アゲハチョウ族,アゲハチョウ属,キアゲハ(日本亜種),セリ目,セリ科,セリ亜科,Selineae連,シシウド属,ツクシゼリ
アゲハチョウ上科,アゲハチョウ科,アゲハチョウ亜科,アゲハチョウ族,アゲハチョウ属,キアゲハ(日本亜種),セリ目,セリ科,セリ亜科,Selineae連,シシウド属,シラネセンキュウ
アゲハチョウ上科,アゲハチョウ科,アゲハチョウ亜科,アゲハチョウ族,アゲハチョウ属,キアゲハ(日本亜種),セリ目,セリ科,セリ亜科,Selineae連,シシウド属,シシウド
アゲハチョウ上科,アゲハチョウ科,アゲハチョウ亜科,アゲハチョウ族,アゲハチョウ属,キアゲハ(日本亜種),セリ目,セリ科,セリ亜科,Selineae連,シシウド属,イシヅチボウフウ
アゲハチョウ上科,アゲハチョウ科,アゲハチョウ亜科,アゲハチョウ族,アゲハチョウ属,キアゲハ(日本亜種),セリ目,セリ科,セリ亜科,Selineae連,シシウド属,イヌトウキ
アゲハチョウ上科,アゲハチョウ科,アゲハチョウ亜科,アゲハチョウ族,アゲハチョウ属,キアゲハ(日本亜種),セリ目,セリ科,セリ亜科,Selineae連,シシウド属,(シシウド属の一種(Angelica sylvestris))
アゲハチョウ上科,アゲハチョウ科,アゲハチョウ亜科,アゲハチョウ族,アゲハチョウ属,キアゲハ(日本亜種),セリ目,セリ科,セリ亜科,Selineae連,シシウド属,ウバタケニンジン
アゲハチョウ上科,アゲハチョウ科,アゲハチョウ亜科,アゲハチョウ族,アゲハチョウ属,キアゲハ(日本亜種),セリ目,セリ科,セリ亜科,Selineae連,シシウド属,オオウバタケニンジン
アゲハチョウ上科,アゲハチョウ科,アゲハチョウ亜科,アゲハチョウ族,アゲハチョウ属,キアゲハ(日本亜種),セリ目,セリ科,セリ亜科,Selineae連,シシウド属,エゾニュウ
アゲハチョウ上科,アゲハチョウ科,アゲハチョウ亜科,アゲハチョウ族,アゲハチョウ属,キアゲハ(日本亜種),セリ目,セリ科,セリ亜科,Scandiceae連,シャク属,シャク
アゲハチョウ上科,アゲハチョウ科,アゲハチョウ亜科,アゲハチョウ族,アゲハチョウ属,キアゲハ(日本亜種),セリ目,セリ科,セリ亜科,Apieae連,オランダミツバ属,(オランダミツバ属の一種(Apium graveolens))
アゲハチョウ上科,アゲハチョウ科,アゲハチョウ亜科,アゲハチョウ族,アゲハチョウ属,キアゲハ(日本亜種),セリ目,セリ科,セリ亜科,Apieae連,オランダミツバ属,セロリ
アゲハチョウ上科,アゲハチョウ科,アゲハチョウ亜科,アゲハチョウ族,アゲハチョウ属,キアゲハ(日本亜種),セリ目,ウコギ科,Aralioideae亜科,Aralieae連,タラノキ属,ウド
アゲハチョウ上科,アゲハチョウ科,アゲハチョウ亜科,アゲハチョウ族,アゲハチョウ属,キアゲハ(日本亜種),キク目,キク科,キク亜科,キク連,ヨモギ属,カワラニンジン
アゲハチョウ上科,アゲハチョウ科,アゲハチョウ亜科,アゲハチョウ族,アゲハチョウ属,キアゲハ(日本亜種),キク目,キク科,キク亜科,キク連,ヨモギ属,(ヨモギ属の一種(Artemisia arctica))
アゲハチョウ上科,アゲハチョウ科,アゲハチョウ亜科,アゲハチョウ族,アゲハチョウ属,キアゲハ(日本亜種),キク目,キク科,キク亜科,キク連,ヨモギ属,タラゴン
アゲハチョウ上科,アゲハチョウ科,アゲハチョウ亜科,アゲハチョウ族,アゲハチョウ属,キアゲハ(日本亜種),キク目,キク科,キク亜科,キク連,ヨモギ属,(ヨモギ属の一種(Artemisia norvegica))
アゲハチョウ上科,アゲハチョウ科,アゲハチョウ亜科,アゲハチョウ族,アゲハチョウ属,キアゲハ(日本亜種),コショウ目,ウマノスズクサ科,,,カンアオイ属,オクエゾサイシン
アゲハチョウ上科,アゲハチョウ科,アゲハチョウ亜科,アゲハチョウ族,アゲハチョウ属,キアゲハ(日本亜種),コショウ目,ウマノスズクサ科,,,カンアオイ属,カンアオイ
アゲハチョウ上科,アゲハチョウ科,アゲハチョウ亜科,アゲハチョウ族,アゲハチョウ属,キアゲハ(日本亜種),コショウ目,ウマノスズクサ科,,,カンアオイ属,ウスバサイシン
アゲハチョウ上科,アゲハチョウ科,アゲハチョウ亜科,アゲハチョウ族,アゲハチョウ属,キアゲハ(日本亜種),セリ目,セリ科,セリ亜科,Bupleureae連,ミシマサイコ属,ミシマサイコ
アゲハチョウ上科,アゲハチョウ科,アゲハチョウ亜科,アゲハチョウ族,アゲハチョウ属,キアゲハ(日本亜種),セリ目,セリ科,セリ亜科,Careae連,ヒメウイキョウ属,(ヒメウイキョウ属の一種(Carum holopetalum))
アゲハチョウ上科,アゲハチョウ科,アゲハチョウ亜科,アゲハチョウ族,アゲハチョウ属,キアゲハ(日本亜種),セリ目,セリ科,セリ亜科,Oenantheae連,ドクゼリ属,ドクゼリ
アゲハチョウ上科,アゲハチョウ科,アゲハチョウ亜科,アゲハチョウ族,アゲハチョウ属,キアゲハ(日本亜種),キク目,キク科,アザミ亜科,アザミ連,アザミ属,フジアザミ
アゲハチョウ上科,アゲハチョウ科,アゲハチョウ亜科,アゲハチョウ族,アゲハチョウ属,キアゲハ(日本亜種),ムクロジ目,ミカン科,,,ミカン属,レモン
アゲハチョウ上科,アゲハチョウ科,アゲハチョウ亜科,アゲハチョウ族,アゲハチョウ属,キアゲハ(日本亜種),ムクロジ目,ミカン科,,,ミカン属,ナツミカン
アゲハチョウ上科,アゲハチョウ科,アゲハチョウ亜科,アゲハチョウ族,アゲハチョウ属,キアゲハ(日本亜種),ムクロジ目,ミカン科,,,ミカン属,カラタチ
アゲハチョウ上科,アゲハチョウ科,アゲハチョウ亜科,アゲハチョウ族,アゲハチョウ属,キアゲハ(日本亜種),ムクロジ目,ミカン科,,,ミカン属,ウンシュウミカン
アゲハチョウ上科,アゲハチョウ科,アゲハチョウ亜科,アゲハチョウ族,アゲハチョウ属,キアゲハ(日本亜種),ムクロジ目,ミカン科,,,ミカン属,グレープフルーツ
アゲハチョウ上科,アゲハチョウ科,アゲハチョウ亜科,アゲハチョウ族,アゲハチョウ属,キアゲハ(日本亜種),セリ目,セリ科,セリ亜科,Selineae連,ハマゼリ属,ハマゼリ
アゲハチョウ上科,アゲハチョウ科,アゲハチョウ亜科,アゲハチョウ族,アゲハチョウ属,キアゲハ(日本亜種),セリ目,セリ科,セリ亜科,Selineae連,ハマゼリ属,オカゼリ
アゲハチョウ上科,アゲハチョウ科,アゲハチョウ亜科,アゲハチョウ族,アゲハチョウ属,キアゲハ(日本亜種),セリ目,セリ科,セリ亜科,Selineae連,ハマゼリ属,センキュウ
アゲハチョウ上科,アゲハチョウ科,アゲハチョウ亜科,アゲハチョウ族,アゲハチョウ属,キアゲハ(日本亜種),セリ目,セリ科,セリ亜科,Selineae連,エゾノシシウド属,エゾノシシウド
アゲハチョウ上科,アゲハチョウ科,アゲハチョウ亜科,アゲハチョウ族,アゲハチョウ属,キアゲハ(日本亜種),セリ目,セリ科,セリ亜科,,ドクニンジン属,ドクニンジン
アゲハチョウ上科,アゲハチョウ科,アゲハチョウ亜科,アゲハチョウ族,アゲハチョウ属,キアゲハ(日本亜種),キンポウゲ目,キンポウゲ科,オウレン亜科,,オウレン属,ミツバオウレン
アゲハチョウ上科,アゲハチョウ科,アゲハチョウ亜科,アゲハチョウ族,アゲハチョウ属,キアゲハ(日本亜種),セリ目,セリ科,セリ亜科,Coriandreae連,コエンドロ属,コリアンダー
アゲハチョウ上科,アゲハチョウ科,アゲハチョウ亜科,アゲハチョウ族,アゲハチョウ属,キアゲハ(日本亜種),キク目,キク科,キク亜科,ハルシャギク連,コスモス属,コスモス
アゲハチョウ上科,アゲハチョウ科,アゲハチョウ亜科,アゲハチョウ族,アゲハチョウ属,キアゲハ(日本亜種),キク目,キク科,キク亜科,サワギク連,ベニバナボロギク属,ベニバナボロギク
アゲハチョウ上科,アゲハチョウ科,アゲハチョウ亜科,アゲハチョウ族,アゲハチョウ属,キアゲハ(日本亜種),セリ目,セリ科,セリ亜科,Oenantheae連,ミツバ属,(ミツバ属の一種(Cryptotaenia canadensis))
アゲハチョウ上科,アゲハチョウ科,アゲハチョウ亜科,アゲハチョウ族,アゲハチョウ属,キアゲハ(日本亜種),セリ目,セリ科,セリ亜科,Oenantheae連,ミツバ属,ミツバ
アゲハチョウ上科,アゲハチョウ科,アゲハチョウ亜科,アゲハチョウ族,アゲハチョウ属,キアゲハ(日本亜種),セリ目,セリ科,セリ亜科,Pyramidoptereae連,マツバゼリ属,マツバゼリ
アゲハチョウ上科,アゲハチョウ科,アゲハチョウ亜科,アゲハチョウ族,アゲハチョウ属,キアゲハ(日本亜種),セリ目,セリ科,セリ亜科,Scandiceae連,ニンジン属,ノラニンジン
アゲハチョウ上科,アゲハチョウ科,アゲハチョウ亜科,アゲハチョウ族,アゲハチョウ属,キアゲハ(日本亜種),セリ目,セリ科,セリ亜科,Scandiceae連,ニンジン属,ニンジン
アゲハチョウ上科,アゲハチョウ科,アゲハチョウ亜科,アゲハチョウ族,アゲハチョウ属,キアゲハ(日本亜種),セリ目,セリ科,セリ亜科,Apieae連,ウイキョウ属,ウイキョウ
アゲハチョウ上科,アゲハチョウ科,アゲハチョウ亜科,アゲハチョウ族,アゲハチョウ属,キアゲハ(日本亜種),セリ目,セリ科,セリ亜科,Selineae連,ハマボウフウ属(ボウフウ属),ハマボウフウ
アゲハチョウ上科,アゲハチョウ科,アゲハチョウ亜科,アゲハチョウ族,アゲハチョウ属,キアゲハ(日本亜種),ムクロジ目,ミカン科,,,Haplophyllum属,(Haplophyllum属の一種(Haplophyllum acutifolium))
アゲハチョウ上科,アゲハチョウ科,アゲハチョウ亜科,アゲハチョウ族,アゲハチョウ属,キアゲハ(日本亜種),ムクロジ目,ミカン科,,,Haplophyllum属,(Haplophyllum属の一種(Haplophyllum pedicellatum))
アゲハチョウ上科,アゲハチョウ科,アゲハチョウ亜科,アゲハチョウ族,アゲハチョウ属,キアゲハ(日本亜種),セリ目,セリ科,セリ亜科,Tordylieae連,ハナウド属,オオハナウド
アゲハチョウ上科,アゲハチョウ科,アゲハチョウ亜科,アゲハチョウ族,アゲハチョウ属,キアゲハ(日本亜種),セリ目,セリ科,セリ亜科,Tordylieae連,ハナウド属,ハナウド
アゲハチョウ上科,アゲハチョウ科,アゲハチョウ亜科,アゲハチョウ族,アゲハチョウ属,キアゲハ(日本亜種),ツツジ目,ツリフネソウ科,,,ツリフネソウ属,ホウセンカ
アゲハチョウ上科,アゲハチョウ科,アゲハチョウ亜科,アゲハチョウ族,アゲハチョウ属,キアゲハ(日本亜種),セリ目,セリ科,セリ亜科,Selineae連,イブキボウフウ属,イブキボウフウ
アゲハチョウ上科,アゲハチョウ科,アゲハチョウ亜科,アゲハチョウ族,アゲハチョウ属,キアゲハ(日本亜種),ハマビシ目,ハマビシ科,,,Malacocarpus属,(Malacocarpus属の一種(Malacocarpus erithmifolius))
アゲハチョウ上科,アゲハチョウ科,アゲハチョウ亜科,アゲハチョウ族,アゲハチョウ属,キアゲハ(日本亜種),セリ目,セリ科,セリ亜科,Oenantheae連,セリ属,セリ
アゲハチョウ上科,アゲハチョウ科,アゲハチョウ亜科,アゲハチョウ族,アゲハチョウ属,キアゲハ(日本亜種),ムクロジ目,ミカン科,,,コクサギ属,コクサギ
アゲハチョウ上科,アゲハチョウ科,アゲハチョウ亜科,アゲハチョウ族,アゲハチョウ属,キアゲハ(日本亜種),セリ目,セリ科,セリ亜科,Scandiceae連,ヤブニンジン属,ヤブニンジン
アゲハチョウ上科,アゲハチョウ科,アゲハチョウ亜科,アゲハチョウ族,アゲハチョウ属,キアゲハ(日本亜種),セリ目,セリ科,セリ亜科,,ヤマゼリ属,ミヤマニンジン
アゲハチョウ上科,アゲハチョウ科,アゲハチョウ亜科,アゲハチョウ族,アゲハチョウ属,キアゲハ(日本亜種),セリ目,セリ科,セリ亜科,,ヤマゼリ属,ヤマゼリ
アゲハチョウ上科,アゲハチョウ科,アゲハチョウ亜科,アゲハチョウ族,アゲハチョウ属,キアゲハ(日本亜種),セリ目,セリ科,セリ亜科,Tordylieae連,アメリカボウフウ属,アメリカボウフウ
アゲハチョウ上科,アゲハチョウ科,アゲハチョウ亜科,アゲハチョウ族,アゲハチョウ属,キアゲハ(日本亜種),キク目,キク科,キク亜科,サワギク連,フキ属,(フキ属の一種(Petasites frigidus))
アゲハチョウ上科,アゲハチョウ科,アゲハチョウ亜科,アゲハチョウ族,アゲハチョウ属,キアゲハ(日本亜種),セリ目,セリ科,セリ亜科,Apieae連,オランダゼリ属,パセリ
アゲハチョウ上科,アゲハチョウ科,アゲハチョウ亜科,アゲハチョウ族,アゲハチョウ属,キアゲハ(日本亜種),セリ目,セリ科,セリ亜科,Apieae連,オランダゼリ属,イタリアンパセリ
アゲハチョウ上科,アゲハチョウ科,アゲハチョウ亜科,アゲハチョウ族,アゲハチョウ属,キアゲハ(日本亜種),セリ目,セリ科,セリ亜科,Selineae連,カワラボウフウ属,ボタンボウフウ
アゲハチョウ上科,アゲハチョウ科,アゲハチョウ亜科,アゲハチョウ族,アゲハチョウ属,キアゲハ(日本亜種),セリ目,セリ科,セリ亜科,Selineae連,カワラボウフウ属,(カワラボウフウ属の一種(Peucedanum litorale))
アゲハチョウ上科,アゲハチョウ科,アゲハチョウ亜科,アゲハチョウ族,アゲハチョウ属,キアゲハ(日本亜種),セリ目,セリ科,セリ亜科,Selineae連,カワラボウフウ属,ハクサンボウフウ
アゲハチョウ上科,アゲハチョウ科,アゲハチョウ亜科,アゲハチョウ族,アゲハチョウ属,キアゲハ(日本亜種),セリ目,セリ科,セリ亜科,Selineae連,カワラボウフウ属,(カワラボウフウ属の一種(Peucedanum palustre))
アゲハチョウ上科,アゲハチョウ科,アゲハチョウ亜科,アゲハチョウ族,アゲハチョウ属,キアゲハ(日本亜種),セリ目,セリ科,セリ亜科,Selineae連,カワラボウフウ属,カワラボウフウ
アゲハチョウ上科,アゲハチョウ科,アゲハチョウ亜科,アゲハチョウ族,アゲハチョウ属,キアゲハ(日本亜種),ムクロジ目,ミカン科,,,キハダ属,キハダ
アゲハチョウ上科,アゲハチョウ科,アゲハチョウ亜科,アゲハチョウ族,アゲハチョウ属,キアゲハ(日本亜種),セリ目,セリ科,セリ亜科,,ミツバグサ属,(ミツバグサ属の一種(Pimpinella saxifraga))
アゲハチョウ上科,アゲハチョウ科,アゲハチョウ亜科,アゲハチョウ族,アゲハチョウ属,キアゲハ(日本亜種),セリ目,セリ科,セリ亜科,,ミツバグサ属,ツクシボウフウ
アゲハチョウ上科,アゲハチョウ科,アゲハチョウ亜科,アゲハチョウ族,アゲハチョウ属,キアゲハ(日本亜種),セリ目,セリ科,セリ亜科,,シムラニンジン属,シムラニンジン
アゲハチョウ上科,アゲハチョウ科,アゲハチョウ亜科,アゲハチョウ族,アゲハチョウ属,キアゲハ(日本亜種),ムクロジ目,ミカン科,,,ヘンルーダ属,(ヘンルーダ属の一種(Ruta angustifolia))
アゲハチョウ上科,アゲハチョウ科,アゲハチョウ亜科,アゲハチョウ族,アゲハチョウ属,キアゲハ(日本亜種),ムクロジ目,ミカン科,,,ヘンルーダ属,ヘンルーダ
アゲハチョウ上科,アゲハチョウ科,アゲハチョウ亜科,アゲハチョウ族,アゲハチョウ属,キアゲハ(日本亜種),ムクロジ目,ミカン科,,,ヘンルーダ属,(ヘンルーダ属の一種(Ruta montana))
アゲハチョウ上科,アゲハチョウ科,アゲハチョウ亜科,アゲハチョウ族,アゲハチョウ属,キアゲハ(日本亜種),セリ目,セリ科,ウマノミツバ亜科,Saniculeae連,ウマノミツバ属,ウマノミツバ
アゲハチョウ上科,アゲハチョウ科,アゲハチョウ亜科,アゲハチョウ族,アゲハチョウ属,キアゲハ(日本亜種),セリ目,セリ科,セリ亜科,Selineae連,Selinum属,(Selinum属の一種(Selinum dawsonii))
アゲハチョウ上科,アゲハチョウ科,アゲハチョウ亜科,アゲハチョウ族,アゲハチョウ属,キアゲハ(日本亜種),セリ目,セリ科,セリ亜科,Pimpinelleae連,カノツメソウ属,ヒカゲミツバ
アゲハチョウ上科,アゲハチョウ科,アゲハチョウ亜科,アゲハチョウ族,アゲハチョウ属,キアゲハ(日本亜種),キク目,キク科,キク亜科,コウオウソウ連,コウオウソウ属/マンジュギク属,マリーゴールド
アゲハチョウ上科,アゲハチョウ科,アゲハチョウ亜科,アゲハチョウ族,アゲハチョウ属,キアゲハ(日本亜種),ナデシコ目,ギョリュウ科,,,ギョリュウ属,ギョリュウ
アゲハチョウ上科,アゲハチョウ科,アゲハチョウ亜科,アゲハチョウ族,アゲハチョウ属,キアゲハ(日本亜種),ナデシコ目,ギョリュウ科,,,ギョリュウ属,ギョリュウ(Tamarix tenuissima)
アゲハチョウ上科,アゲハチョウ科,アゲハチョウ亜科,アゲハチョウ族,アゲハチョウ属,キアゲハ(日本亜種),セリ目,セリ科,セリ亜科,Selineae連,シラネニンジン属,シラネニンジン
アゲハチョウ上科,アゲハチョウ科,アゲハチョウ亜科,アゲハチョウ族,アゲハチョウ属,キアゲハ(日本亜種),セリ目,セリ科,セリ亜科,Selineae連,シラネニンジン属,イブキゼリ
アゲハチョウ上科,アゲハチョウ科,アゲハチョウ亜科,アゲハチョウ族,アゲハチョウ属,キアゲハ(日本亜種),セリ目,セリ科,セリ亜科,Scandiceae連,ヤブジラミ属,ヤブジラミ
アゲハチョウ上科,アゲハチョウ科,アゲハチョウ亜科,アゲハチョウ族,アゲハチョウ属,キアゲハ(日本亜種),ムクロジ目,ミカン科,,,サンショウ属,カラスザンショウ
アゲハチョウ上科,アゲハチョウ科,アゲハチョウ亜科,アゲハチョウ族,アゲハチョウ属,キアゲハ(日本亜種),ムクロジ目,ミカン科,,,サンショウ属,サンショウ
アゲハチョウ上科,アゲハチョウ科,アゲハチョウ亜科,アゲハチョウ族,アゲハチョウ属,キアゲハ(日本亜種),ムクロジ目,ミカン科,,,サンショウ属,イヌザンショウ
アゲハチョウ上科,アゲハチョウ科,アゲハチョウ亜科,アゲハチョウ族,アゲハチョウ属,オナガアゲハ,ムクロジ目,ミカン科,,,ミカン属,ナツミカン
アゲハチョウ上科,アゲハチョウ科,アゲハチョウ亜科,アゲハチョウ族,アゲハチョウ属,オナガアゲハ,ムクロジ目,ミカン科,,,ミカン属,カラタチ
アゲハチョウ上科,アゲハチョウ科,アゲハチョウ亜科,アゲハチョウ族,アゲハチョウ属,オナガアゲハ,ムクロジ目,ミカン科,,,コクサギ属,コクサギ
アゲハチョウ上科,アゲハチョウ科,アゲハチョウ亜科,アゲハチョウ族,アゲハチョウ属,オナガアゲハ,ムクロジ目,ミカン科,,,キハダ属,キハダ
アゲハチョウ上科,アゲハチョウ科,アゲハチョウ亜科,アゲハチョウ族,アゲハチョウ属,オナガアゲハ,ムクロジ目,ミカン科,,,ヘンルーダ属,ヘンルーダ
アゲハチョウ上科,アゲハチョウ科,アゲハチョウ亜科,アゲハチョウ族,アゲハチョウ属,オナガアゲハ,ムクロジ目,ミカン科,,,ミヤマシキミ属,ミヤマシキミ
アゲハチョウ上科,アゲハチョウ科,アゲハチョウ亜科,アゲハチョウ族,アゲハチョウ属,オナガアゲハ,ムクロジ目,ミカン科,,,ミヤマシキミ属,ツルシキミ
アゲハチョウ上科,アゲハチョウ科,アゲハチョウ亜科,アゲハチョウ族,アゲハチョウ属,オナガアゲハ,ムクロジ目,ミカン科,,,サンショウ属,カラスザンショウ
アゲハチョウ上科,アゲハチョウ科,アゲハチョウ亜科,アゲハチョウ族,アゲハチョウ属,オナガアゲハ,ムクロジ目,ミカン科,,,サンショウ属,サンショウ
アゲハチョウ上科,アゲハチョウ科,アゲハチョウ亜科,アゲハチョウ族,アゲハチョウ属,オナガアゲハ,ムクロジ目,ミカン科,,,サンショウ属,イヌザンショウ
アゲハチョウ上科,アゲハチョウ科,アゲハチョウ亜科,アゲハチョウ族,アゲハチョウ属,ナガサキアゲハ,ムクロジ目,ミカン科,,,ミカン属,ダイダイ
アゲハチョウ上科,アゲハチョウ科,アゲハチョウ亜科,アゲハチョウ族,アゲハチョウ属,ナガサキアゲハ,ムクロジ目,ミカン科,,,ミカン属,ヒラミレモン
アゲハチョウ上科,アゲハチョウ科,アゲハチョウ亜科,アゲハチョウ族,アゲハチョウ属,ナガサキアゲハ,ムクロジ目,ミカン科,,,ミカン属,ハッサク
アゲハチョウ上科,アゲハチョウ科,アゲハチョウ亜科,アゲハチョウ族,アゲハチョウ属,ナガサキアゲハ,ムクロジ目,ミカン科,,,ミカン属,キンカン
アゲハチョウ上科,アゲハチョウ科,アゲハチョウ亜科,アゲハチョウ族,アゲハチョウ属,ナガサキアゲハ,ムクロジ目,ミカン科,,,ミカン属,ユズ
アゲハチョウ上科,アゲハチョウ科,アゲハチョウ亜科,アゲハチョウ族,アゲハチョウ属,ナガサキアゲハ,ムクロジ目,ミカン科,,,ミカン属,ミカン
アゲハチョウ上科,アゲハチョウ科,アゲハチョウ亜科,アゲハチョウ族,アゲハチョウ属,ナガサキアゲハ,ムクロジ目,ミカン科,,,ミカン属,レモン
アゲハチョウ上科,アゲハチョウ科,アゲハチョウ亜科,アゲハチョウ族,アゲハチョウ属,ナガサキアゲハ,ムクロジ目,ミカン科,,,ミカン属,ザボン
アゲハチョウ上科,アゲハチョウ科,アゲハチョウ亜科,アゲハチョウ族,アゲハチョウ属,ナガサキアゲハ,ムクロジ目,ミカン科,,,ミカン属,ナルトミカン
アゲハチョウ上科,アゲハチョウ科,アゲハチョウ亜科,アゲハチョウ族,アゲハチョウ属,ナガサキアゲハ,ムクロジ目,ミカン科,,,ミカン属,ナツミカン
アゲハチョウ上科,アゲハチョウ科,アゲハチョウ亜科,アゲハチョウ族,アゲハチョウ属,ナガサキアゲハ,ムクロジ目,ミカン科,,,ミカン属,オートー
アゲハチョウ上科,アゲハチョウ科,アゲハチョウ亜科,アゲハチョウ族,アゲハチョウ属,ナガサキアゲハ,ムクロジ目,ミカン科,,,ミカン属,マンダリンオレンジ
アゲハチョウ上科,アゲハチョウ科,アゲハチョウ亜科,アゲハチョウ族,アゲハチョウ属,ナガサキアゲハ,ムクロジ目,ミカン科,,,ミカン属,オレンジ
アゲハチョウ上科,アゲハチョウ科,アゲハチョウ亜科,アゲハチョウ族,アゲハチョウ属,ナガサキアゲハ,ムクロジ目,ミカン科,,,ミカン属,タチバナ
アゲハチョウ上科,アゲハチョウ科,アゲハチョウ亜科,アゲハチョウ族,アゲハチョウ属,ナガサキアゲハ,ムクロジ目,ミカン科,,,ミカン属,カラタチ
アゲハチョウ上科,アゲハチョウ科,アゲハチョウ亜科,アゲハチョウ族,アゲハチョウ属,ナガサキアゲハ,ムクロジ目,ミカン科,,,ミカン属,ウンシュウミカン
アゲハチョウ上科,アゲハチョウ科,アゲハチョウ亜科,アゲハチョウ族,アゲハチョウ属,ナガサキアゲハ,ムクロジ目,ミカン科,,,ミカン属,グレープフルーツ
アゲハチョウ上科,アゲハチョウ科,アゲハチョウ亜科,アゲハチョウ族,アゲハチョウ属,ナガサキアゲハ,ムクロジ目,ミカン科,,,サンショウ属,テリハザンショウ
アゲハチョウ上科,アゲハチョウ科,アゲハチョウ亜科,アゲハチョウ族,アゲハチョウ属,ナガサキアゲハ,ムクロジ目,ミカン科,,,サンショウ属,イヌザンショウ
アゲハチョウ上科,アゲハチョウ科,アゲハチョウ亜科,アゲハチョウ族,アゲハチョウ属,オキナワカラスアゲハ,ムクロジ目,ミカン科,,,ミカン属,ヒラミレモン
アゲハチョウ上科,アゲハチョウ科,アゲハチョウ亜科,アゲハチョウ族,アゲハチョウ属,オキナワカラスアゲハ,ムクロジ目,ミカン科,,,ミカン属,ハッサク
アゲハチョウ上科,アゲハチョウ科,アゲハチョウ亜科,アゲハチョウ族,アゲハチョウ属,オキナワカラスアゲハ,ムクロジ目,ミカン科,,,ミカン属,カラタチ
アゲハチョウ上科,アゲハチョウ科,アゲハチョウ亜科,アゲハチョウ族,アゲハチョウ属,オキナワカラスアゲハ,ムクロジ目,ミカン科,,,コクサギ属,コクサギ
アゲハチョウ上科,アゲハチョウ科,アゲハチョウ亜科,アゲハチョウ族,アゲハチョウ属,オキナワカラスアゲハ,ムクロジ目,ミカン科,,,キハダ属,キハダ
アゲハチョウ上科,アゲハチョウ科,アゲハチョウ亜科,アゲハチョウ族,アゲハチョウ属,オキナワカラスアゲハ,ムクロジ目,ミカン科,,,ゴシュユ属,ハマセンダン
アゲハチョウ上科,アゲハチョウ科,アゲハチョウ亜科,アゲハチョウ族,アゲハチョウ属,オキナワカラスアゲハ,ムクロジ目,ミカン科,,,サンショウ属,カラスザンショウ
アゲハチョウ上科,アゲハチョウ科,アゲハチョウ亜科,アゲハチョウ族,アゲハチョウ属,オキナワカラスアゲハ,ムクロジ目,ミカン科,,,サンショウ属,サンショウ
アゲハチョウ上科,アゲハチョウ科,アゲハチョウ亜科,アゲハチョウ族,アゲハチョウ属,ルリモンアゲハ,ムクロジ目,ミカン科,,,アワダン属,オオバアワダン
アゲハチョウ上科,アゲハチョウ科,アゲハチョウ亜科,アゲハチョウ族,アゲハチョウ属,ルリモンアゲハ,ムクロジ目,ミカン科,,,サルカケミカン属,サルカケミカン
アゲハチョウ上科,アゲハチョウ科,アゲハチョウ亜科,アゲハチョウ族,アゲハチョウ属,シロオビアゲハ,ムクロジ目,ミカン科,,,ミカン属,ダイダイ
アゲハチョウ上科,アゲハチョウ科,アゲハチョウ亜科,アゲハチョウ族,アゲハチョウ属,シロオビアゲハ,ムクロジ目,ミカン科,,,ミカン属,ヒラミレモン
アゲハチョウ上科,アゲハチョウ科,アゲハチョウ亜科,アゲハチョウ族,アゲハチョウ属,シロオビアゲハ,ムクロジ目,ミカン科,,,ミカン属,キンカン
アゲハチョウ上科,アゲハチョウ科,アゲハチョウ亜科,アゲハチョウ族,アゲハチョウ属,シロオビアゲハ,ムクロジ目,ミカン科,,,ミカン属,ミカン
アゲハチョウ上科,アゲハチョウ科,アゲハチョウ亜科,アゲハチョウ族,アゲハチョウ属,シロオビアゲハ,ムクロジ目,ミカン科,,,ミカン属,ナツミカン
アゲハチョウ上科,アゲハチョウ科,アゲハチョウ亜科,アゲハチョウ族,アゲハチョウ属,シロオビアゲハ,ムクロジ目,ミカン科,,,ミカン属,タチバナ
アゲハチョウ上科,アゲハチョウ科,アゲハチョウ亜科,アゲハチョウ族,アゲハチョウ属,シロオビアゲハ,ムクロジ目,ミカン科,,,ミカン属,カラタチ
アゲハチョウ上科,アゲハチョウ科,アゲハチョウ亜科,アゲハチョウ族,アゲハチョウ属,シロオビアゲハ,ムクロジ目,ミカン科,,,ミカン属,ウンシュウミカン
アゲハチョウ上科,アゲハチョウ科,アゲハチョウ亜科,アゲハチョウ族,アゲハチョウ属,シロオビアゲハ,ムクロジ目,ミカン科,,,ハナシンボウギ属,ハナシンボウギ
アゲハチョウ上科,アゲハチョウ科,アゲハチョウ亜科,アゲハチョウ族,アゲハチョウ属,シロオビアゲハ,ムクロジ目,ミカン科,,,アワダン属,アワダン
アゲハチョウ上科,アゲハチョウ科,アゲハチョウ亜科,アゲハチョウ族,アゲハチョウ属,シロオビアゲハ,ムクロジ目,ミカン科,,,ゲッキツ属,ゲッキツ
アゲハチョウ上科,アゲハチョウ科,アゲハチョウ亜科,アゲハチョウ族,アゲハチョウ属,シロオビアゲハ,ムクロジ目,ミカン科,,,コクサギ属,コクサギ
アゲハチョウ上科,アゲハチョウ科,アゲハチョウ亜科,アゲハチョウ族,アゲハチョウ属,シロオビアゲハ,ムクロジ目,ミカン科,,,キハダ属,キハダ
アゲハチョウ上科,アゲハチョウ科,アゲハチョウ亜科,アゲハチョウ族,アゲハチョウ属,シロオビアゲハ,ムクロジ目,ミカン科,,,ゴシュユ属,ハマセンダン
アゲハチョウ上科,アゲハチョウ科,アゲハチョウ亜科,アゲハチョウ族,アゲハチョウ属,シロオビアゲハ,ムクロジ目,ミカン科,,,サルカケミカン属,サルカケミカン
アゲハチョウ上科,アゲハチョウ科,アゲハチョウ亜科,アゲハチョウ族,アゲハチョウ属,シロオビアゲハ,ムクロジ目,ミカン科,,,サンショウ属,カラスザンショウ
アゲハチョウ上科,アゲハチョウ科,アゲハチョウ亜科,アゲハチョウ族,アゲハチョウ属,シロオビアゲハ,ムクロジ目,ミカン科,,,サンショウ属,ヒレサンショウ
アゲハチョウ上科,アゲハチョウ科,アゲハチョウ亜科,アゲハチョウ族,アゲハチョウ属,シロオビアゲハ,ムクロジ目,ミカン科,,,サンショウ属,テリハザンショウ
アゲハチョウ上科,アゲハチョウ科,アゲハチョウ亜科,アゲハチョウ族,アゲハチョウ属,シロオビアゲハ,ムクロジ目,ミカン科,,,サンショウ属,サンショウ
アゲハチョウ上科,アゲハチョウ科,アゲハチョウ亜科,アゲハチョウ族,アゲハチョウ属,シロオビアゲハ,ムクロジ目,ミカン科,,,サンショウ属,イヌザンショウ
アゲハチョウ上科,アゲハチョウ科,アゲハチョウ亜科,アゲハチョウ族,アゲハチョウ属,クロアゲハ,ムクロジ目,ミカン科,,,ミカン属,(ミカン属の不特定種)
アゲハチョウ上科,アゲハチョウ科,アゲハチョウ亜科,アゲハチョウ族,アゲハチョウ属,クロアゲハ,クスノキ目,クスノキ科,,,クスノキ属(ニッケイ属),クスノキ
アゲハチョウ上科,アゲハチョウ科,アゲハチョウ亜科,アゲハチョウ族,アゲハチョウ属,クロアゲハ,ムクロジ目,ミカン科,,,ミカン属,ダイダイ
アゲハチョウ上科,アゲハチョウ科,アゲハチョウ亜科,アゲハチョウ族,アゲハチョウ属,クロアゲハ,ムクロジ目,ミカン科,,,ミカン属,キンカン
アゲハチョウ上科,アゲハチョウ科,アゲハチョウ亜科,アゲハチョウ族,アゲハチョウ属,クロアゲハ,ムクロジ目,ミカン科,,,ミカン属,ユズ
アゲハチョウ上科,アゲハチョウ科,アゲハチョウ亜科,アゲハチョウ族,アゲハチョウ属,クロアゲハ,ムクロジ目,ミカン科,,,ミカン属,ミカン
アゲハチョウ上科,アゲハチョウ科,アゲハチョウ亜科,アゲハチョウ族,アゲハチョウ属,クロアゲハ,ムクロジ目,ミカン科,,,ミカン属,レモン
アゲハチョウ上科,アゲハチョウ科,アゲハチョウ亜科,アゲハチョウ族,アゲハチョウ属,クロアゲハ,ムクロジ目,ミカン科,,,ミカン属,ナツミカン
アゲハチョウ上科,アゲハチョウ科,アゲハチョウ亜科,アゲハチョウ族,アゲハチョウ属,クロアゲハ,ムクロジ目,ミカン科,,,ミカン属,タチバナ
アゲハチョウ上科,アゲハチョウ科,アゲハチョウ亜科,アゲハチョウ族,アゲハチョウ属,クロアゲハ,ムクロジ目,ミカン科,,,ミカン属,カラタチ
アゲハチョウ上科,アゲハチョウ科,アゲハチョウ亜科,アゲハチョウ族,アゲハチョウ属,クロアゲハ,キク目,キク科,キク亜科,ハルシャギク連,コスモス属,コスモス
アゲハチョウ上科,アゲハチョウ科,アゲハチョウ亜科,アゲハチョウ族,アゲハチョウ属,クロアゲハ,ムクロジ目,ミカン科,,,ハナシンボウギ属,ハナシンボウギ
アゲハチョウ上科,アゲハチョウ科,アゲハチョウ亜科,アゲハチョウ族,アゲハチョウ属,クロアゲハ,ムクロジ目,ミカン科,,,コクサギ属,コクサギ
アゲハチョウ上科,アゲハチョウ科,アゲハチョウ亜科,アゲハチョウ族,アゲハチョウ属,クロアゲハ,ユキノシタ目,ボタン科,,,ボタン属,シャクヤク
アゲハチョウ上科,アゲハチョウ科,アゲハチョウ亜科,アゲハチョウ族,アゲハチョウ属,クロアゲハ,ユキノシタ目,ボタン科,,,ボタン属,ボタン
アゲハチョウ上科,アゲハチョウ科,アゲハチョウ亜科,アゲハチョウ族,アゲハチョウ属,クロアゲハ,ムクロジ目,ミカン科,,,キハダ属,キハダ
アゲハチョウ上科,アゲハチョウ科,アゲハチョウ亜科,アゲハチョウ族,アゲハチョウ属,クロアゲハ,ムクロジ目,ミカン科,,,ミヤマシキミ属,ミヤマシキミ
アゲハチョウ上科,アゲハチョウ科,アゲハチョウ亜科,アゲハチョウ族,アゲハチョウ属,クロアゲハ,ムクロジ目,ミカン科,,,ミヤマシキミ属,ツルシキミ
アゲハチョウ上科,アゲハチョウ科,アゲハチョウ亜科,アゲハチョウ族,アゲハチョウ属,クロアゲハ,ムクロジ目,ミカン科,,,ミヤマシキミ属,リュウキュウミヤマシキミ
アゲハチョウ上科,アゲハチョウ科,アゲハチョウ亜科,アゲハチョウ族,アゲハチョウ属,クロアゲハ,ムクロジ目,ミカン科,,,ゴシュユ属,ハマセンダン
アゲハチョウ上科,アゲハチョウ科,アゲハチョウ亜科,アゲハチョウ族,アゲハチョウ属,クロアゲハ,ムクロジ目,ミカン科,,,ゴシュユ属,ゴシュユ
アゲハチョウ上科,アゲハチョウ科,アゲハチョウ亜科,アゲハチョウ族,アゲハチョウ属,クロアゲハ,ムクロジ目,ミカン科,,,サルカケミカン属,サルカケミカン
アゲハチョウ上科,アゲハチョウ科,アゲハチョウ亜科,アゲハチョウ族,アゲハチョウ属,クロアゲハ,キントラノオ目,スミレ科,,,スミレ属,パピリオスミレ
アゲハチョウ上科,アゲハチョウ科,アゲハチョウ亜科,アゲハチョウ族,アゲハチョウ属,クロアゲハ,ムクロジ目,ミカン科,,,サンショウ属,カラスザンショウ
アゲハチョウ上科,アゲハチョウ科,アゲハチョウ亜科,アゲハチョウ族,アゲハチョウ属,クロアゲハ,ムクロジ目,ミカン科,,,サンショウ属,フユザンショウ
アゲハチョウ上科,アゲハチョウ科,アゲハチョウ亜科,アゲハチョウ族,アゲハチョウ属,クロアゲハ,ムクロジ目,ミカン科,,,サンショウ属,テリハザンショウ
アゲハチョウ上科,アゲハチョウ科,アゲハチョウ亜科,アゲハチョウ族,アゲハチョウ属,クロアゲハ,ムクロジ目,ミカン科,,,サンショウ属,サンショウ
アゲハチョウ上科,アゲハチョウ科,アゲハチョウ亜科,アゲハチョウ族,アゲハチョウ属,クロアゲハ,ムクロジ目,ミカン科,,,サンショウ属,ツルザンショウ
アゲハチョウ上科,アゲハチョウ科,アゲハチョウ亜科,アゲハチョウ族,アゲハチョウ属,クロアゲハ,ムクロジ目,ミカン科,,,サンショウ属,イヌザンショウ
アゲハチョウ上科,アゲハチョウ科,アゲハチョウ亜科,アゲハチョウ族,アゲハチョウ属,アカネアゲハ,ムクロジ目,ミカン科,,,ミカン属,(ミカン属の不特定種)
アゲハチョウ上科,アゲハチョウ科,アゲハチョウ亜科,アゲハチョウ族,アゲハチョウ属,アカネアゲハ,ムクロジ目,ミカン科,,,ミカン属,ミカン
アゲハチョウ上科,アゲハチョウ科,アゲハチョウ亜科,アゲハチョウ族,アゲハチョウ属,アカネアゲハ,ムクロジ目,ミカン科,,,ミカン属,ザボン
アゲハチョウ上科,アゲハチョウ科,アゲハチョウ亜科,アゲハチョウ族,アゲハチョウ属,アカネアゲハ,ムクロジ目,ミカン科,,,ミカン属,ナツミカン
アゲハチョウ上科,アゲハチョウ科,アゲハチョウ亜科,アゲハチョウ族,アゲハチョウ属,アカネアゲハ,ムクロジ目,ミカン科,,,ミカン属,ウンシュウミカン
アゲハチョウ上科,アゲハチョウ科,アゲハチョウ亜科,アゲハチョウ族,アゲハチョウ属,アカネアゲハ,ムクロジ目,ミカン科,ミカン亜科,ミカン連,セベリニア属,マララヤップ・クタブ
アゲハチョウ上科,アゲハチョウ科,アゲハチョウ亜科,アゲハチョウ族,アゲハチョウ属,ナミアゲハ,ムクロジ目,ミカン科,,,コレア属,(コレア属の不特定種)
アゲハチョウ上科,アゲハチョウ科,アゲハチョウ亜科,アゲハチョウ族,アゲハチョウ属,ナミアゲハ,ムクロジ目,ミカン科,,,サンショウ属,サルカケサンショウ
アゲハチョウ上科,アゲハチョウ科,アゲハチョウ亜科,アゲハチョウ族,アゲハチョウ属,ナミアゲハ,セリ目,セリ科,セリ亜科,Apieae連,オランダミツバ属,セロリ
アゲハチョウ上科,アゲハチョウ科,アゲハチョウ亜科,アゲハチョウ族,アゲハチョウ属,ナミアゲハ,コショウ目,ウマノスズクサ科,,,カンアオイ属,タイリンアオイ
アゲハチョウ上科,アゲハチョウ科,アゲハチョウ亜科,アゲハチョウ族,アゲハチョウ属,ナミアゲハ,コショウ目,ウマノスズクサ科,,,カンアオイ属,シジキカンアオイ
アゲハチョウ上科,アゲハチョウ科,アゲハチョウ亜科,アゲハチョウ族,アゲハチョウ属,ナミアゲハ,コショウ目,ウマノスズクサ科,,,カンアオイ属,ツクシアオイ
アゲハチョウ上科,アゲハチョウ科,アゲハチョウ亜科,アゲハチョウ族,アゲハチョウ属,ナミアゲハ,コショウ目,ウマノスズクサ科,,,カンアオイ属,アケボノアオイ
アゲハチョウ上科,アゲハチョウ科,アゲハチョウ亜科,アゲハチョウ族,アゲハチョウ属,ナミアゲハ,コショウ目,ウマノスズクサ科,,,カンアオイ属,アツバカンアオイ
アゲハチョウ上科,アゲハチョウ科,アゲハチョウ亜科,アゲハチョウ族,アゲハチョウ属,ナミアゲハ,コショウ目,ウマノスズクサ科,,,カンアオイ属,ウスバサイシン
アゲハチョウ上科,アゲハチョウ科,アゲハチョウ亜科,アゲハチョウ族,アゲハチョウ属,ナミアゲハ,ムクロジ目,ミカン科,,,マツカゼソウ属,マツカゼソウ
アゲハチョウ上科,アゲハチョウ科,アゲハチョウ亜科,アゲハチョウ族,アゲハチョウ属,ナミアゲハ,クスノキ目,クスノキ科,,,クスノキ属(ニッケイ属),クスノキ
アゲハチョウ上科,アゲハチョウ科,アゲハチョウ亜科,アゲハチョウ族,アゲハチョウ属,ナミアゲハ,ムクロジ目,ミカン科,,,ミカン属,ライム
アゲハチョウ上科,アゲハチョウ科,アゲハチョウ亜科,アゲハチョウ族,アゲハチョウ属,ナミアゲハ,ムクロジ目,ミカン科,,,ミカン属,ダイダイ
アゲハチョウ上科,アゲハチョウ科,アゲハチョウ亜科,アゲハチョウ族,アゲハチョウ属,ナミアゲハ,ムクロジ目,ミカン科,,,ミカン属,ヒラミレモン
アゲハチョウ上科,アゲハチョウ科,アゲハチョウ亜科,アゲハチョウ族,アゲハチョウ属,ナミアゲハ,ムクロジ目,ミカン科,,,ミカン属,ハッサク
アゲハチョウ上科,アゲハチョウ科,アゲハチョウ亜科,アゲハチョウ族,アゲハチョウ属,ナミアゲハ,ムクロジ目,ミカン科,,,ミカン属,キンカン
アゲハチョウ上科,アゲハチョウ科,アゲハチョウ亜科,アゲハチョウ族,アゲハチョウ属,ナミアゲハ,ムクロジ目,ミカン科,,,ミカン属,ユズ
アゲハチョウ上科,アゲハチョウ科,アゲハチョウ亜科,アゲハチョウ族,アゲハチョウ属,ナミアゲハ,ムクロジ目,ミカン科,,,ミカン属,ミカン
アゲハチョウ上科,アゲハチョウ科,アゲハチョウ亜科,アゲハチョウ族,アゲハチョウ属,ナミアゲハ,ムクロジ目,ミカン科,,,ミカン属,タヒチライム
アゲハチョウ上科,アゲハチョウ科,アゲハチョウ亜科,アゲハチョウ族,アゲハチョウ属,ナミアゲハ,ムクロジ目,ミカン科,,,ミカン属,レモン
アゲハチョウ上科,アゲハチョウ科,アゲハチョウ亜科,アゲハチョウ族,アゲハチョウ属,ナミアゲハ,ムクロジ目,ミカン科,,,ミカン属,ザボン
アゲハチョウ上科,アゲハチョウ科,アゲハチョウ亜科,アゲハチョウ族,アゲハチョウ属,ナミアゲハ,ムクロジ目,ミカン科,,,ミカン属,ナツミカン
アゲハチョウ上科,アゲハチョウ科,アゲハチョウ亜科,アゲハチョウ族,アゲハチョウ属,ナミアゲハ,ムクロジ目,ミカン科,,,ミカン属,キンコウジ
アゲハチョウ上科,アゲハチョウ科,アゲハチョウ亜科,アゲハチョウ族,アゲハチョウ属,ナミアゲハ,ムクロジ目,ミカン科,,,ミカン属,マンダリンオレンジ
アゲハチョウ上科,アゲハチョウ科,アゲハチョウ亜科,アゲハチョウ族,アゲハチョウ属,ナミアゲハ,ムクロジ目,ミカン科,,,ミカン属,オレンジ
アゲハチョウ上科,アゲハチョウ科,アゲハチョウ亜科,アゲハチョウ族,アゲハチョウ属,ナミアゲハ,ムクロジ目,ミカン科,,,ミカン属,タチバナ
アゲハチョウ上科,アゲハチョウ科,アゲハチョウ亜科,アゲハチョウ族,アゲハチョウ属,ナミアゲハ,ムクロジ目,ミカン科,,,ミカン属,ヒュウガナツ
アゲハチョウ上科,アゲハチョウ科,アゲハチョウ亜科,アゲハチョウ族,アゲハチョウ属,ナミアゲハ,ムクロジ目,ミカン科,,,ミカン属,タンカン
アゲハチョウ上科,アゲハチョウ科,アゲハチョウ亜科,アゲハチョウ族,アゲハチョウ属,ナミアゲハ,ムクロジ目,ミカン科,,,ミカン属,カラタチ
アゲハチョウ上科,アゲハチョウ科,アゲハチョウ亜科,アゲハチョウ族,アゲハチョウ属,ナミアゲハ,ムクロジ目,ミカン科,,,ミカン属,ウンシュウミカン
アゲハチョウ上科,アゲハチョウ科,アゲハチョウ亜科,アゲハチョウ族,アゲハチョウ属,ナミアゲハ,ムクロジ目,ミカン科,,,ミカン属,カラマンシー
アゲハチョウ上科,アゲハチョウ科,アゲハチョウ亜科,アゲハチョウ族,アゲハチョウ属,ナミアゲハ,ムクロジ目,ミカン科,,,ミカン属,グレープフルーツ
アゲハチョウ上科,アゲハチョウ科,アゲハチョウ亜科,アゲハチョウ族,アゲハチョウ属,ナミアゲハ,ムクロジ目,ミカン科,,,コレア属,コレア
アゲハチョウ上科,アゲハチョウ科,アゲハチョウ亜科,アゲハチョウ族,アゲハチョウ属,ナミアゲハ,キク目,キク科,キク亜科,ハルシャギク連,コスモス属,コスモス
アゲハチョウ上科,アゲハチョウ科,アゲハチョウ亜科,アゲハチョウ族,アゲハチョウ属,ナミアゲハ,キク目,キク科,キク亜科,ハルシャギク連,コスモス属,キバナコスモス
アゲハチョウ上科,アゲハチョウ科,アゲハチョウ亜科,アゲハチョウ族,アゲハチョウ属,ナミアゲハ,ムクロジ目,ミカン科,,,ハクセン属,ヨウシュハクセン
アゲハチョウ上科,アゲハチョウ科,アゲハチョウ亜科,アゲハチョウ族,アゲハチョウ属,ナミアゲハ,セリ目,セリ科,セリ亜科,Apieae連,ウイキョウ属,ウイキョウ
アゲハチョウ上科,アゲハチョウ科,アゲハチョウ亜科,アゲハチョウ族,アゲハチョウ属,ナミアゲハ,シソ目,モクセイ科,,ソケイ連,ソケイ属,オオバナソケイ
アゲハチョウ上科,アゲハチョウ科,アゲハチョウ亜科,アゲハチョウ族,アゲハチョウ属,ナミアゲハ,シソ目,モクセイ科,,ソケイ連,ソケイ属,シルバージャスミン
アゲハチョウ上科,アゲハチョウ科,アゲハチョウ亜科,アゲハチョウ族,アゲハチョウ属,ナミアゲハ,ムクロジ目,ミカン科,,,ゲッキツ属,ゲッキツ
アゲハチョウ上科,アゲハチョウ科,アゲハチョウ亜科,アゲハチョウ族,アゲハチョウ属,ナミアゲハ,ムクロジ目,ミカン科,,,コクサギ属,コクサギ
アゲハチョウ上科,アゲハチョウ科,アゲハチョウ亜科,アゲハチョウ族,アゲハチョウ属,ナミアゲハ,ユキノシタ目,ボタン科,,,ボタン属,シャクヤク
アゲハチョウ上科,アゲハチョウ科,アゲハチョウ亜科,アゲハチョウ族,アゲハチョウ属,ナミアゲハ,ユキノシタ目,ボタン科,,,ボタン属,ヤマシャクヤク
アゲハチョウ上科,アゲハチョウ科,アゲハチョウ亜科,アゲハチョウ族,アゲハチョウ属,ナミアゲハ,セリ目,セリ科,セリ亜科,Apieae連,オランダゼリ属,パセリ
アゲハチョウ上科,アゲハチョウ科,アゲハチョウ亜科,アゲハチョウ族,アゲハチョウ属,ナミアゲハ,ムクロジ目,ミカン科,,,キハダ属,キハダ
アゲハチョウ上科,アゲハチョウ科,アゲハチョウ亜科,アゲハチョウ族,アゲハチョウ属,ナミアゲハ,ムクロジ目,ミカン科,,,キハダ属,ヒロハノキハダ
アゲハチョウ上科,アゲハチョウ科,アゲハチョウ亜科,アゲハチョウ族,アゲハチョウ属,ナミアゲハ,ムクロジ目,ミカン科,,,ヘンルーダ属,ヘンルーダ
アゲハチョウ上科,アゲハチョウ科,アゲハチョウ亜科,アゲハチョウ族,アゲハチョウ属,ナミアゲハ,ムクロジ目,ミカン科,,,ミヤマシキミ属,ミヤマシキミ
アゲハチョウ上科,アゲハチョウ科,アゲハチョウ亜科,アゲハチョウ族,アゲハチョウ属,ナミアゲハ,ムクロジ目,ミカン科,,,ミヤマシキミ属,ツルシキミ
アゲハチョウ上科,アゲハチョウ科,アゲハチョウ亜科,アゲハチョウ族,アゲハチョウ属,ナミアゲハ,キク目,キク科,キク亜科,コウオウソウ連,コウオウソウ属/マンジュギク属,マリーゴールド
アゲハチョウ上科,アゲハチョウ科,アゲハチョウ亜科,アゲハチョウ族,アゲハチョウ属,ナミアゲハ,ムクロジ目,ミカン科,,,ゴシュユ属,ハマセンダン
アゲハチョウ上科,アゲハチョウ科,アゲハチョウ亜科,アゲハチョウ族,アゲハチョウ属,ナミアゲハ,ムクロジ目,ミカン科,,,ゴシュユ属,ゴシュユ
アゲハチョウ上科,アゲハチョウ科,アゲハチョウ亜科,アゲハチョウ族,アゲハチョウ属,ナミアゲハ,ムクロジ目,ミカン科,,,サルカケミカン属,サルカケミカン
アゲハチョウ上科,アゲハチョウ科,アゲハチョウ亜科,アゲハチョウ族,アゲハチョウ属,ナミアゲハ,ムクロジ目,ミカン科,,,サンショウ属,カラスザンショウ
アゲハチョウ上科,アゲハチョウ科,アゲハチョウ亜科,アゲハチョウ族,アゲハチョウ属,ナミアゲハ,ムクロジ目,ミカン科,,,サンショウ属,フユザンショウ
アゲハチョウ上科,アゲハチョウ科,アゲハチョウ亜科,アゲハチョウ族,アゲハチョウ属,ナミアゲハ,ムクロジ目,ミカン科,,,サンショウ属,ヒレサンショウ
アゲハチョウ上科,アゲハチョウ科,アゲハチョウ亜科,アゲハチョウ族,アゲハチョウ属,ナミアゲハ,ムクロジ目,ミカン科,,,サンショウ属,コカラスザンショウ
アゲハチョウ上科,アゲハチョウ科,アゲハチョウ亜科,アゲハチョウ族,アゲハチョウ属,ナミアゲハ,ムクロジ目,ミカン科,,,サンショウ属,テリハザンショウ
アゲハチョウ上科,アゲハチョウ科,アゲハチョウ亜科,アゲハチョウ族,アゲハチョウ属,ナミアゲハ,ムクロジ目,ミカン科,,,サンショウ属,サンショウ
アゲハチョウ上科,アゲハチョウ科,アゲハチョウ亜科,アゲハチョウ族,アゲハチョウ属,ナミアゲハ,ムクロジ目,ミカン科,,,サンショウ属,アサクラサンショウ
アゲハチョウ上科,アゲハチョウ科,アゲハチョウ亜科,アゲハチョウ族,アゲハチョウ属,ナミアゲハ,ムクロジ目,ミカン科,,,サンショウ属,イヌザンショウ
アゲハチョウ上科,アゲハチョウ科,アゲハチョウ亜科,アゲハチョウ族,アゲハチョウ属,アメリカキアゲハ,ムクロジ目,ミカン科,,,ミカン属,(ミカン属の不特定種)
アゲハチョウ上科,アゲハチョウ科,アゲハチョウ亜科,アゲハチョウ族,アゲハチョウ属,アメリカキアゲハ,ブナ目,ヤマモモ科,,,コンプトニア属,(コンプトニア属の不特定種)
アゲハチョウ上科,アゲハチョウ科,アゲハチョウ亜科,アゲハチョウ族,アゲハチョウ属,アメリカキアゲハ,セリ目,セリ科,セリ亜科,Sinodielsia連,ミヤマセンキュウ属,(ミヤマセンキュウ属の不特定種)
アゲハチョウ上科,アゲハチョウ科,アゲハチョウ亜科,アゲハチョウ族,アゲハチョウ属,アメリカキアゲハ,セリ目,セリ科,セリ亜科,,ドクニンジン属,(ドクニンジン属の不特定種)
アゲハチョウ上科,アゲハチョウ科,アゲハチョウ亜科,アゲハチョウ族,アゲハチョウ属,アメリカキアゲハ,セリ目,セリ科,セリ亜科,Scandiceae連,ニンジン属,(ニンジン属の不特定種)
アゲハチョウ上科,アゲハチョウ科,アゲハチョウ亜科,アゲハチョウ族,アゲハチョウ属,アメリカキアゲハ,セリ目,セリ科,セリ亜科,Tordylieae連,ハナウド属,(ハナウド属の不特定種)
アゲハチョウ上科,アゲハチョウ科,アゲハチョウ亜科,アゲハチョウ族,アゲハチョウ属,アメリカキアゲハ,セリ目,セリ科,セリ亜科,Selineae連,Lomatium属,(Lomatium属の不特定種)
アゲハチョウ上科,アゲハチョウ科,アゲハチョウ亜科,アゲハチョウ族,アゲハチョウ属,アメリカキアゲハ,セリ目,セリ科,セリ亜科,Oenantheae連,セリ属,(セリ属の不特定種)
アゲハチョウ上科,アゲハチョウ科,アゲハチョウ亜科,アゲハチョウ族,アゲハチョウ属,アメリカキアゲハ,セリ目,セリ科,セリ亜科,,ミツバグサ属,(ミツバグサ属の不特定種)
アゲハチョウ上科,アゲハチョウ科,アゲハチョウ亜科,アゲハチョウ族,アゲハチョウ属,アメリカキアゲハ,セリ目,セリ科,セリ亜科,Selineae連,Pseudocymopterus属,(Pseudocymopterus属の不特定種)
アゲハチョウ上科,アゲハチョウ科,アゲハチョウ亜科,アゲハチョウ族,アゲハチョウ属,アメリカキアゲハ,セリ目,セリ科,セリ亜科,Selineae連,Sphenosciadium属,(Sphenosciadium属の不特定種)
アゲハチョウ上科,アゲハチョウ科,アゲハチョウ亜科,アゲハチョウ族,アゲハチョウ属,アメリカキアゲハ,セリ目,セリ科,セリ亜科,Selineae連,Tauschia属,(Tauschia属の不特定種)
アゲハチョウ上科,アゲハチョウ科,アゲハチョウ亜科,アゲハチョウ族,アゲハチョウ属,アメリカキアゲハ,セリ目,セリ科,セリ亜科,Selineae連,Zizia属,(Zizia属の不特定種)
アゲハチョウ上科,アゲハチョウ科,アゲハチョウ亜科,アゲハチョウ族,アゲハチョウ属,アメリカキアゲハ,セリ目,セリ科,セリ亜科,Selineae連,シシウド属,(シシウド属の一種(Angelica arguta))
アゲハチョウ上科,アゲハチョウ科,アゲハチョウ亜科,アゲハチョウ族,アゲハチョウ属,アメリカキアゲハ,セリ目,セリ科,セリ亜科,Selineae連,シシウド属,(シシウド属の一種(Angelica hendersonii))
アゲハチョウ上科,アゲハチョウ科,アゲハチョウ亜科,アゲハチョウ族,アゲハチョウ属,アメリカキアゲハ,セリ目,セリ科,セリ亜科,Selineae連,シシウド属,(シシウド属の一種(Angelica kingii))
アゲハチョウ上科,アゲハチョウ科,アゲハチョウ亜科,アゲハチョウ族,アゲハチョウ属,アメリカキアゲハ,セリ目,セリ科,セリ亜科,Selineae連,シシウド属,(シシウド属の一種(Angelica tomentosa))
アゲハチョウ上科,アゲハチョウ科,アゲハチョウ亜科,アゲハチョウ族,アゲハチョウ属,アメリカキアゲハ,セリ目,セリ科,セリ亜科,Careae連,ヒメウイキョウ属,キャラウェイ
アゲハチョウ上科,アゲハチョウ科,アゲハチョウ亜科,アゲハチョウ族,アゲハチョウ属,アメリカキアゲハ,セリ目,セリ科,セリ亜科,Oenantheae連,ドクゼリ属,(ドクゼリ属の一種(Cicuta maculata))
アゲハチョウ上科,アゲハチョウ科,アゲハチョウ亜科,アゲハチョウ族,アゲハチョウ属,アメリカキアゲハ,セリ目,セリ科,セリ亜科,Sinodielsia連,ミヤマセンキュウ属,(ミヤマセンキュウ属の一種(Conioselinum scopulorum))
アゲハチョウ上科,アゲハチョウ科,アゲハチョウ亜科,アゲハチョウ族,アゲハチョウ属,アメリカキアゲハ,セリ目,セリ科,セリ亜科,,ドクニンジン属,ドクニンジン
アゲハチョウ上科,アゲハチョウ科,アゲハチョウ亜科,アゲハチョウ族,アゲハチョウ属,アメリカキアゲハ,セリ目,セリ科,セリ亜科,Scandiceae連,ニンジン属,ノラニンジン
アゲハチョウ上科,アゲハチョウ科,アゲハチョウ亜科,アゲハチョウ族,アゲハチョウ属,アメリカキアゲハ,セリ目,セリ科,セリ亜科,Selineae連,Harbouria属,(Harbouria属の一種(Harbouria trachypleura))
アゲハチョウ上科,アゲハチョウ科,アゲハチョウ亜科,アゲハチョウ族,アゲハチョウ属,アメリカキアゲハ,セリ目,セリ科,セリ亜科,Tordylieae連,ハナウド属,(ハナウド属の一種(Heracleum maximum))
アゲハチョウ上科,アゲハチョウ科,アゲハチョウ亜科,アゲハチョウ族,アゲハチョウ属,アメリカキアゲハ,セリ目,セリ科,セリ亜科,Selineae連,Lomatium属,(Lomatium属の一種(Lomatium californicum))
アゲハチョウ上科,アゲハチョウ科,アゲハチョウ亜科,アゲハチョウ族,アゲハチョウ属,アメリカキアゲハ,セリ目,セリ科,セリ亜科,Selineae連,Lomatium属,(Lomatium属の一種(Lomatium dissectum))
アゲハチョウ上科,アゲハチョウ科,アゲハチョウ亜科,アゲハチョウ族,アゲハチョウ属,アメリカキアゲハ,セリ目,セリ科,セリ亜科,Selineae連,Lomatium属,(Lomatium属の一種(Lomatium grayi))
アゲハチョウ上科,アゲハチョウ科,アゲハチョウ亜科,アゲハチョウ族,アゲハチョウ属,アメリカキアゲハ,セリ目,セリ科,セリ亜科,Selineae連,Lomatium属,(Lomatium属の一種(Lomatium marginatum))
アゲハチョウ上科,アゲハチョウ科,アゲハチョウ亜科,アゲハチョウ族,アゲハチョウ属,アメリカキアゲハ,セリ目,セリ科,セリ亜科,Selineae連,Lomatium属,(Lomatium属の一種(Lomatium martindalei))
アゲハチョウ上科,アゲハチョウ科,アゲハチョウ亜科,アゲハチョウ族,アゲハチョウ属,アメリカキアゲハ,セリ目,セリ科,セリ亜科,Selineae連,Lomatium属,(Lomatium属の一種(Lomatium nuttallii))
アゲハチョウ上科,アゲハチョウ科,アゲハチョウ亜科,アゲハチョウ族,アゲハチョウ属,アメリカキアゲハ,セリ目,セリ科,セリ亜科,Selineae連,Lomatium属,(Lomatium属の一種(Lomatium parryi))
アゲハチョウ上科,アゲハチョウ科,アゲハチョウ亜科,アゲハチョウ族,アゲハチョウ属,アメリカキアゲハ,セリ目,セリ科,セリ亜科,Selineae連,Lomatium属,(Lomatium属の一種(Lomatium triternatum))
アゲハチョウ上科,アゲハチョウ科,アゲハチョウ亜科,アゲハチョウ族,アゲハチョウ属,アメリカキアゲハ,セリ目,セリ科,セリ亜科,Selineae連,Lomatium属,(Lomatium属の一種(Lomatium utriculatum))
アゲハチョウ上科,アゲハチョウ科,アゲハチョウ亜科,アゲハチョウ族,アゲハチョウ属,アメリカキアゲハ,セリ目,セリ科,セリ亜科,Selineae連,Musineon属,(Musineon属の一種(Lomatium utriculatum))
アゲハチョウ上科,アゲハチョウ科,アゲハチョウ亜科,アゲハチョウ族,アゲハチョウ属,アメリカキアゲハ,セリ目,セリ科,セリ亜科,Oenantheae連,セリ属,(セリ属の一種(Oenanthe sarmentosa))
アゲハチョウ上科,アゲハチョウ科,アゲハチョウ亜科,アゲハチョウ族,アゲハチョウ属,アメリカキアゲハ,セリ目,セリ科,セリ亜科,Tordylieae連,アメリカボウフウ属,アメリカボウフウ
アゲハチョウ上科,アゲハチョウ科,アゲハチョウ亜科,アゲハチョウ族,アゲハチョウ属,アメリカキアゲハ,セリ目,セリ科,セリ亜科,Oenantheae連,ペリデリディア属.,(Perideridia属の一種(Perideridia bolanderi))
アゲハチョウ上科,アゲハチョウ科,アゲハチョウ亜科,アゲハチョウ族,アゲハチョウ属,アメリカキアゲハ,セリ目,セリ科,セリ亜科,Oenantheae連,ペリデリディア属.,(Perideridia属の一種(Perideridia gairdneri))
アゲハチョウ上科,アゲハチョウ科,アゲハチョウ亜科,アゲハチョウ族,アゲハチョウ属,アメリカキアゲハ,セリ目,セリ科,セリ亜科,Oenantheae連,ペリデリディア属.,(Perideridia属の一種(Perideridia kelloggii))
アゲハチョウ上科,アゲハチョウ科,アゲハチョウ亜科,アゲハチョウ族,アゲハチョウ属,アメリカキアゲハ,セリ目,セリ科,セリ亜科,Apieae連,オランダゼリ属,パセリ
アゲハチョウ上科,アゲハチョウ科,アゲハチョウ亜科,アゲハチョウ族,アゲハチョウ属,アメリカキアゲハ,セリ目,セリ科,セリ亜科,Selineae連,Pseudocymopterus属,(Pseudocymopterus属の一種(Pseudocymopterus montanus))
アゲハチョウ上科,アゲハチョウ科,アゲハチョウ亜科,アゲハチョウ族,アゲハチョウ属,アメリカキアゲハ,セリ目,セリ科,セリ亜科,Selineae連,Pteryxia属,(Pteryxia属の一種(Pteryxia terebinthina))
アゲハチョウ上科,アゲハチョウ科,アゲハチョウ亜科,アゲハチョウ族,アゲハチョウ属,アメリカキアゲハ,ムクロジ目,ミカン科,,,ヘンルーダ属,ヘンルーダ
アゲハチョウ上科,アゲハチョウ科,アゲハチョウ亜科,アゲハチョウ族,アゲハチョウ属,アメリカキアゲハ,セリ目,セリ科,セリ亜科,Selineae連,Tauschia属,(Tauschia属の一種(Tauschia arguta))
アゲハチョウ上科,アゲハチョウ科,アゲハチョウ亜科,アゲハチョウ族,アゲハチョウ属,アメリカキアゲハ,セリ目,セリ科,セリ亜科,Selineae連,Tauschia属,(Tauschia属の一種(Tauschia parishii))
アゲハチョウ上科,アゲハチョウ科,アゲハチョウ亜科,アゲハチョウ族,アゲハチョウ属,アメリカキアゲハ,セリ目,セリ科,セリ亜科,Selineae連,Zizia属,(Zizia属の一種(Zizia aptera))
アゲハチョウ上科,アゲハチョウ科,ウスバアゲハ亜科,ウスバシロチョウ族,ウスバシロチョウ属,ウスバシロチョウ,キンポウゲ目,ケシ科,ケマンソウ亜科,,キケマン属,ミチノクエンゴサク
アゲハチョウ上科,アゲハチョウ科,ウスバアゲハ亜科,ウスバシロチョウ族,ウスバシロチョウ属,ウスバシロチョウ,キンポウゲ目,ケシ科,ケマンソウ亜科,,キケマン属,シロボウエンゴサク
アゲハチョウ上科,アゲハチョウ科,ウスバアゲハ亜科,ウスバシロチョウ族,ウスバシロチョウ属,ウスバシロチョウ,キンポウゲ目,ケシ科,ケマンソウ亜科,,キケマン属,エゾエンゴサク
アゲハチョウ上科,アゲハチョウ科,ウスバアゲハ亜科,ウスバシロチョウ族,ウスバシロチョウ属,ウスバシロチョウ,キンポウゲ目,ケシ科,ケマンソウ亜科,,キケマン属,ムラサキケマン
アゲハチョウ上科,アゲハチョウ科,ウスバアゲハ亜科,ウスバシロチョウ族,ウスバシロチョウ属,ウスバシロチョウ,キンポウゲ目,ケシ科,ケマンソウ亜科,,キケマン属,ヤマエンゴサク
アゲハチョウ上科,アゲハチョウ科,ウスバアゲハ亜科,ウスバシロチョウ族,ウスバシロチョウ属,ウスバシロチョウ,キンポウゲ目,ケシ科,ケマンソウ亜科,,キケマン属,ミヤマキケマン
アゲハチョウ上科,アゲハチョウ科,ウスバアゲハ亜科,ウスバシロチョウ族,ウスバシロチョウ属,ウスバシロチョウ,キンポウゲ目,ケシ科,ケマンソウ亜科,,キケマン属,エゾキケマン
アゲハチョウ上科,アゲハチョウ科,ウスバアゲハ亜科,ウスバシロチョウ族,ウスバシロチョウ属,ウスバキチョウ,キンポウゲ目,ケシ科,ケマンソウ亜科,,キケマン属,カラフトオオケマン
アゲハチョウ上科,アゲハチョウ科,ウスバアゲハ亜科,ウスバシロチョウ族,ウスバシロチョウ属,ウスバキチョウ,キンポウゲ目,ケシ科,ケマンソウ亜科,,コマクサ属,アメリカコマクサ
アゲハチョウ上科,アゲハチョウ科,ウスバアゲハ亜科,ウスバシロチョウ族,ウスバシロチョウ属,ウスバキチョウ,キンポウゲ目,ケシ科,ケマンソウ亜科,,コマクサ属,コマクサ
アゲハチョウ上科,アゲハチョウ科,ウスバアゲハ亜科,ウスバシロチョウ族,ウスバシロチョウ属,ウスバキチョウ,キンポウゲ目,ケシ科,ケマンソウ亜科,,コマクサ属,ケマンソウ
アゲハチョウ上科,アゲハチョウ科,ウスバアゲハ亜科,ウスバシロチョウ族,ウスバシロチョウ属,ヒメウスバシロチョウ,キンポウゲ目,ケシ科,ケマンソウ亜科,,キケマン属,シロボウエンゴサク
アゲハチョウ上科,アゲハチョウ科,ウスバアゲハ亜科,ウスバシロチョウ族,ウスバシロチョウ属,ヒメウスバシロチョウ,キンポウゲ目,ケシ科,ケマンソウ亜科,,キケマン属,エゾエンゴサク
アゲハチョウ上科,アゲハチョウ科,ウスバアゲハ亜科,ウスバシロチョウ族,ウスバシロチョウ属,ヒメウスバシロチョウ,キンポウゲ目,ケシ科,ケマンソウ亜科,,キケマン属,ムラサキケマン
アゲハチョウ上科,アゲハチョウ科,ウスバアゲハ亜科,ウスバシロチョウ族,ウスバシロチョウ属,ヒメウスバシロチョウ,キンポウゲ目,ケシ科,ケマンソウ亜科,,キケマン属,ヤマエンゴサク
アゲハチョウ上科,アゲハチョウ科,ウスバアゲハ亜科,ウスバシロチョウ族,ウスバシロチョウ属,ヒメウスバシロチョウ,キンポウゲ目,ケシ科,ケマンソウ亜科,,キケマン属,エゾキケマン
アゲハチョウ上科,アゲハチョウ科,ウスバアゲハ亜科,タイスアゲハ族,ホソオチョウ属,ホソオチョウ,コショウ目,ウマノスズクサ科,,,ウマノスズクサ属,マルバウマノスズクサ
アゲハチョウ上科,アゲハチョウ科,ウスバアゲハ亜科,タイスアゲハ族,ホソオチョウ属,ホソオチョウ,コショウ目,ウマノスズクサ科,,,ウマノスズクサ属,ウマノスズクサ
アゲハチョウ上科,アゲハチョウ科,アゲハチョウ亜科,キシタアゲハ族(ジャコウアゲハ族),キシタアゲハ属,キシタアゲハ,コショウ目,ウマノスズクサ科,,,ウマノスズクサ属,リュウキュウウマノスズクサ
アゲハチョウ上科,アゲハチョウ科,アゲハチョウ亜科,キシタアゲハ族(ジャコウアゲハ族),キシタアゲハ属,キシタアゲハ,コショウ目,ウマノスズクサ科,,,ウマノスズクサ属,タイワンウマノスズクサ
アゲハチョウ上科,アゲハチョウ科,アゲハチョウ亜科,キシタアゲハ族(ジャコウアゲハ族),キシタアゲハ属,キシタアゲハ,コショウ目,ウマノスズクサ科,,,ウマノスズクサ属,コウシュンウマノスズクサ
